instant,dteday,yr,mnth,hr,holiday,weekday,weathersit,temp,Unnamed: 0,atemp,hum,windspeed,casual,registered,cnt,season
1,01-01-2011,0,1,0,False,6,1,0.24,0.0,0.2879,0.81,0.0,3,13,16,
2,01-01-2011,0,1,1,False,6,1,0.22,1.0,0.2727,0.8,0.0,8,32,40,
3,01-01-2011,0,1,2,False,6,1,0.22,2.0,0.2727,0.8,0.0,5,27,32,
4,01-01-2011,0,1,3,False,6,1,0.24,3.0,0.2879,0.75,0.0,3,10,13,
5,01-01-2011,0,1,4,False,6,1,0.24,4.0,0.2879,0.75,0.0,0,1,1,
6,01-01-2011,0,1,5,False,6,2,0.24,5.0,0.2576,0.75,0.0896,0,1,1,
7,01-01-2011,0,1,6,False,6,1,0.22,6.0,0.2727,0.8,0.0,2,0,2,
8,01-01-2011,0,1,7,False,6,1,0.2,7.0,0.2576,0.86,0.0,1,2,3,
9,01-01-2011,0,1,8,False,6,1,0.24,8.0,,0.75,0.0,1,7,8,
10,01-01-2011,0,1,9,False,6,1,0.32,9.0,0.3485,0.76,0.0,8,6,14,
11,01-01-2011,0,1,10,False,6,1,0.38,10.0,0.3939,0.76,0.2537,12,24,36,
12,01-01-2011,0,1,11,False,6,1,0.36,11.0,0.3333,0.81,0.2836,26,30,56,
13,01-01-2011,0,1,12,False,6,1,0.42,12.0,0.4242,0.77,0.2836,29,55,84,
14,01-01-2011,0,1,13,False,6,2,0.46,13.0,0.4545,0.72,0.2985,47,47,94,
15,01-01-2011,0,1,14,False,6,2,0.46,14.0,0.4545,0.72,0.2836,35,71,106,
16,01-01-2011,0,1,15,False,6,2,0.44,15.0,0.4394,0.77,0.2985,40,70,110,
17,01-01-2011,0,1,16,False,6,2,0.42,16.0,0.4242,0.82,0.2985,41,52,93,
18,01-01-2011,0,1,17,False,6,2,0.44,17.0,,0.82,0.2836,15,52,67,
19,01-01-2011,0,1,18,False,6,3,0.42,18.0,0.4242,0.88,0.2537,9,26,35,
20,01-01-2011,0,1,19,False,6,3,0.42,19.0,0.4242,0.88,0.2537,6,31,37,
21,01-01-2011,0,1,20,False,6,2,0.4,20.0,0.4091,0.87,0.2537,11,25,36,
22,01-01-2011,0,1,21,False,6,2,0.4,21.0,0.4091,0.87,0.194,3,31,34,
23,01-01-2011,0,1,22,False,6,2,0.4,22.0,0.4091,0.94,0.2239,11,17,28,
24,01-01-2011,0,1,23,False,6,2,0.46,23.0,,0.88,0.2985,15,24,39,
25,02-01-2011,0,1,0,False,0,2,0.46,24.0,0.4545,0.88,0.2985,4,13,17,
26,02-01-2011,0,1,1,False,0,2,0.44,25.0,0.4394,0.94,0.2537,1,16,17,
27,02-01-2011,0,1,2,False,0,2,0.42,26.0,0.4242,1.0,0.2836,1,8,9,
28,02-01-2011,0,1,3,False,0,2,0.46,27.0,0.4545,0.94,0.194,2,4,6,
29,02-01-2011,0,1,4,False,0,2,0.46,28.0,,0.94,0.194,2,1,3,
30,02-01-2011,0,1,6,False,0,3,0.42,29.0,0.4242,0.77,0.2985,0,2,2,
31,02-01-2011,0,1,7,False,0,2,0.4,30.0,0.4091,0.76,0.194,0,1,1,
32,02-01-2011,0,1,8,False,0,3,0.4,31.0,0.4091,0.71,0.2239,0,8,8,
33,02-01-2011,0,1,9,False,0,2,0.38,32.0,,0.76,0.2239,1,19,20,
34,02-01-2011,0,1,10,False,0,2,0.36,33.0,0.3485,0.81,0.2239,7,46,53,
35,02-01-2011,0,1,11,False,0,2,0.36,34.0,0.3333,0.71,0.2537,16,54,70,
36,02-01-2011,0,1,12,False,0,2,0.36,35.0,0.3333,0.66,0.2985,20,73,93,
37,02-01-2011,0,1,13,False,0,2,0.36,36.0,0.3485,0.66,0.1343,11,64,75,
38,02-01-2011,0,1,14,False,0,3,0.36,37.0,,0.76,0.194,4,55,59,
39,02-01-2011,0,1,15,False,0,3,0.34,38.0,0.3333,0.81,0.1642,19,55,74,
40,02-01-2011,0,1,16,False,0,3,0.34,39.0,0.3333,0.71,0.1642,9,67,76,
41,02-01-2011,0,1,17,False,0,1,0.34,40.0,0.3333,0.57,0.194,7,58,65,
42,02-01-2011,0,1,18,False,0,2,0.36,41.0,0.3333,0.46,0.3284,10,43,53,
43,02-01-2011,0,1,19,False,0,1,0.32,42.0,0.2879,0.42,0.4478,1,29,30,
44,02-01-2011,0,1,20,False,0,1,0.3,43.0,,0.39,0.3582,5,17,22,
45,02-01-2011,0,1,21,False,0,1,0.26,44.0,0.2273,0.44,0.3284,11,20,31,
46,02-01-2011,0,1,22,False,0,1,0.24,45.0,0.2121,0.44,0.2985,0,9,9,
47,02-01-2011,0,1,23,False,0,1,0.22,46.0,0.2273,0.47,0.1642,0,8,8,
48,03-01-2011,0,1,0,False,1,1,0.22,47.0,0.197,0.44,0.3582,0,5,5,
49,03-01-2011,0,1,1,False,1,1,0.2,48.0,,0.44,0.4179,0,2,2,
50,03-01-2011,0,1,4,False,1,1,0.16,49.0,0.1364,0.47,0.3881,0,1,1,
51,03-01-2011,0,1,5,False,1,1,0.16,50.0,0.1364,0.47,0.2836,0,3,3,
52,03-01-2011,0,1,6,False,1,1,0.14,51.0,0.1061,0.5,0.3881,0,30,30,
53,03-01-2011,0,1,7,False,1,1,0.14,52.0,0.1364,0.5,0.194,1,63,64,
54,03-01-2011,0,1,8,False,1,1,0.14,53.0,0.1212,0.5,0.2836,1,153,154,
55,03-01-2011,0,1,9,False,1,1,0.16,54.0,0.1364,0.43,0.3881,7,81,88,
56,03-01-2011,0,1,10,False,1,1,0.18,55.0,0.1667,0.43,0.2537,11,33,44,
57,03-01-2011,0,1,11,False,1,1,0.2,56.0,0.1818,0.4,0.3284,10,41,51,
58,03-01-2011,0,1,12,False,1,1,0.22,57.0,0.2121,0.35,0.2985,13,48,61,
59,03-01-2011,0,1,13,False,1,1,0.24,58.0,,0.35,0.2836,8,53,61,
60,03-01-2011,0,1,14,False,1,1,0.26,59.0,0.2424,0.3,0.2836,11,66,77,
61,03-01-2011,0,1,15,False,1,1,0.26,60.0,0.2424,0.3,0.2537,14,58,72,
62,03-01-2011,0,1,16,False,1,1,0.26,61.0,0.2424,0.3,0.2537,9,67,76,
63,03-01-2011,0,1,17,False,1,1,0.24,62.0,0.2273,0.3,0.2239,11,146,157,
64,03-01-2011,0,1,18,False,1,1,0.24,63.0,0.2576,0.32,0.1045,9,148,157,
65,03-01-2011,0,1,19,False,1,1,0.2,64.0,0.2576,0.47,0.0,8,102,110,
66,03-01-2011,0,1,20,False,1,1,0.2,65.0,,0.47,0.1045,3,49,52,
67,03-01-2011,0,1,21,False,1,1,0.18,66.0,0.197,0.64,0.1343,3,49,52,
68,03-01-2011,0,1,22,False,1,1,0.14,67.0,0.1515,0.69,0.1343,0,20,20,
69,03-01-2011,0,1,23,False,1,1,0.18,68.0,0.2121,0.55,0.1045,1,11,12,
70,04-01-2011,0,1,0,False,2,1,0.16,69.0,,0.55,0.1045,0,5,5,
71,04-01-2011,0,1,1,False,2,1,0.16,70.0,0.1818,0.59,0.1045,0,2,2,
72,04-01-2011,0,1,2,False,2,1,0.14,71.0,0.1515,0.63,0.1343,0,1,1,
73,04-01-2011,0,1,4,False,2,1,0.14,72.0,0.1818,0.63,0.0896,0,2,2,
74,04-01-2011,0,1,5,False,2,1,0.12,73.0,0.1515,0.68,0.1045,0,4,4,
75,04-01-2011,0,1,6,False,2,1,0.12,74.0,0.1515,0.74,0.1045,0,36,36,
76,04-01-2011,0,1,7,False,2,1,0.12,75.0,0.1515,0.74,0.1343,2,92,94,
77,04-01-2011,0,1,8,False,2,1,0.14,76.0,0.1515,0.69,0.1642,2,177,179,
78,04-01-2011,0,1,9,False,2,1,0.16,77.0,0.1515,0.64,0.2239,2,98,100,
79,04-01-2011,0,1,10,False,2,2,0.16,78.0,0.1364,0.69,0.3284,5,37,42,
80,04-01-2011,0,1,11,False,2,1,0.22,79.0,0.2121,0.51,0.2985,7,50,57,
81,04-01-2011,0,1,12,False,2,1,0.22,80.0,0.2273,0.51,0.1642,12,66,78,
82,04-01-2011,0,1,13,False,2,1,0.24,81.0,0.2273,0.56,0.194,18,79,97,
83,04-01-2011,0,1,14,False,2,1,0.26,82.0,0.2576,0.52,0.2239,9,54,63,
84,04-01-2011,0,1,15,False,2,1,0.28,83.0,0.2727,0.52,0.2537,17,48,65,
85,04-01-2011,0,1,16,False,2,1,0.3,84.0,0.2879,0.49,0.2537,15,68,83,
86,04-01-2011,0,1,17,False,2,1,0.28,85.0,0.2727,0.48,0.2239,10,202,212,
87,04-01-2011,0,1,18,False,2,1,0.26,86.0,0.2576,0.48,0.194,3,179,182,
88,04-01-2011,0,1,19,False,2,1,0.24,87.0,0.2576,0.48,0.1045,2,110,112,
89,04-01-2011,0,1,20,False,2,1,0.24,88.0,0.2576,0.48,0.1045,1,53,54,
90,04-01-2011,0,1,21,False,2,1,0.22,89.0,0.2727,0.64,0.0,0,48,48,
91,04-01-2011,0,1,22,False,2,1,0.22,90.0,0.2576,0.64,0.0896,1,34,35,
92,04-01-2011,0,1,23,False,2,1,0.2,91.0,0.2273,0.69,0.0896,2,9,11,
93,05-01-2011,0,1,0,False,3,1,0.2,92.0,0.2576,0.64,0.0,0,6,6,
94,05-01-2011,0,1,1,False,3,1,0.16,93.0,0.197,0.74,0.0896,0,6,6,
95,05-01-2011,0,1,2,False,3,1,0.16,94.0,0.197,0.74,0.0896,0,2,2,
96,05-01-2011,0,1,4,False,3,1,0.24,95.0,0.2273,0.48,0.2239,0,2,2,
97,05-01-2011,0,1,5,False,3,1,0.22,96.0,0.2273,0.47,0.1642,0,3,3,
98,05-01-2011,0,1,6,False,3,1,0.2,97.0,0.197,0.47,0.2239,0,33,33,
99,05-01-2011,0,1,7,False,3,1,0.18,98.0,0.1818,0.43,0.194,1,87,88,
100,05-01-2011,0,1,8,False,3,1,0.2,99.0,0.1818,0.4,0.2985,3,192,195,
101,05-01-2011,0,1,9,False,3,1,0.22,100.0,0.197,0.37,0.3284,6,109,115,
102,05-01-2011,0,1,10,False,3,1,0.22,101.0,0.197,0.37,0.3284,4,53,57,
103,05-01-2011,0,1,11,False,3,1,0.26,102.0,0.2273,0.33,0.3284,12,34,46,
104,05-01-2011,0,1,12,False,3,1,0.26,103.0,0.2273,0.33,0.3284,5,74,79,
105,05-01-2011,0,1,13,False,3,1,0.28,104.0,0.2576,0.3,0.2985,6,65,71,
106,05-01-2011,0,1,14,False,3,1,0.3,105.0,0.2879,0.28,0.194,10,52,62,
107,05-01-2011,0,1,15,False,3,1,0.3,106.0,0.2879,0.28,0.194,7,55,62,
108,05-01-2011,0,1,16,False,3,1,0.3,107.0,0.3182,0.28,0.0896,4,85,89,
109,05-01-2011,0,1,17,False,3,1,0.24,108.0,0.2273,0.38,0.194,4,186,190,
110,05-01-2011,0,1,18,False,3,1,0.24,109.0,0.2424,0.38,0.1343,3,166,169,
111,05-01-2011,0,1,19,False,3,1,0.24,110.0,0.2576,0.38,0.1045,5,127,132,
112,05-01-2011,0,1,20,False,3,1,0.22,111.0,0.2273,0.47,0.1642,7,82,89,
113,05-01-2011,0,1,21,False,3,1,0.2,112.0,0.197,0.51,0.194,3,40,43,
114,05-01-2011,0,1,22,False,3,1,0.18,113.0,0.197,0.55,0.1343,1,41,42,
115,05-01-2011,0,1,23,False,3,1,0.2,114.0,0.2576,0.47,0.0,1,18,19,
116,06-01-2011,0,1,0,False,4,1,0.18,115.0,0.2424,0.55,0.0,0,11,11,
117,06-01-2011,0,1,1,False,4,1,0.16,116.0,0.2273,0.64,0.0,0,4,4,
118,06-01-2011,0,1,2,False,4,1,0.16,117.0,0.2273,0.64,0.0,0,2,2,
119,06-01-2011,0,1,4,False,4,2,0.16,118.0,0.197,0.64,0.0896,0,1,1,
120,06-01-2011,0,1,5,False,4,2,0.14,119.0,0.1818,0.69,0.0896,0,4,4,
121,06-01-2011,0,1,6,False,4,2,0.14,120.0,0.1667,0.63,0.1045,0,36,36,
122,06-01-2011,0,1,7,False,4,2,0.16,121.0,0.2273,0.59,0.0,0,95,95,
123,06-01-2011,0,1,8,False,4,1,0.16,122.0,0.2273,0.59,0.0,3,216,219,
124,06-01-2011,0,1,9,False,4,2,0.18,123.0,0.2424,0.51,0.0,6,116,122,
125,06-01-2011,0,1,10,False,4,1,0.2,124.0,0.2576,0.47,0.0,3,42,45,
126,06-01-2011,0,1,11,False,4,1,0.22,125.0,0.2576,0.44,0.0896,2,57,59,
127,06-01-2011,0,1,12,False,4,1,0.26,126.0,0.2879,0.35,0.0,6,78,84,
128,06-01-2011,0,1,13,False,4,1,0.26,127.0,0.2727,0.35,0.1045,12,55,67,
129,06-01-2011,0,1,14,False,4,1,0.28,128.0,0.2727,0.36,0.1642,11,59,70,
130,06-01-2011,0,1,15,False,4,1,0.28,129.0,0.2727,0.36,0.0,8,54,62,
131,06-01-2011,0,1,16,False,4,1,0.26,130.0,0.2576,0.38,0.1642,12,74,86,
132,06-01-2011,0,1,17,False,4,1,0.22,131.0,0.2273,0.51,0.1642,9,163,172,
133,06-01-2011,0,1,18,False,4,1,0.22,132.0,0.2273,0.51,0.1343,5,158,163,
134,06-01-2011,0,1,19,False,4,1,0.22,133.0,0.2576,0.55,0.0896,3,109,112,
135,06-01-2011,0,1,20,False,4,1,0.2,134.0,0.2121,0.51,0.1642,3,66,69,
136,06-01-2011,0,1,21,False,4,2,0.22,135.0,0.2121,0.55,0.2239,0,48,48,
137,06-01-2011,0,1,22,False,4,2,0.22,136.0,0.2121,0.51,0.2836,1,51,52,
138,06-01-2011,0,1,23,False,4,2,0.2,137.0,0.197,0.59,0.194,4,19,23,
139,07-01-2011,0,1,0,False,5,2,0.2,138.0,0.197,0.64,0.194,4,13,17,
140,07-01-2011,0,1,1,False,5,2,0.2,139.0,0.197,0.69,0.2239,2,5,7,
141,07-01-2011,0,1,2,False,5,2,0.2,140.0,0.197,0.69,0.2239,0,1,1,
142,07-01-2011,0,1,4,False,5,2,0.2,141.0,0.2121,0.69,0.1343,0,1,1,
143,07-01-2011,0,1,5,False,5,3,0.22,142.0,0.2727,0.55,0.0,0,5,5,
144,07-01-2011,0,1,6,False,5,2,0.2,143.0,0.2576,0.69,0.0,8,26,34,
145,07-01-2011,0,1,7,False,5,1,0.2,144.0,0.2121,0.69,0.1343,8,76,84,
146,07-01-2011,0,1,8,False,5,1,0.2,145.0,0.197,0.51,0.2537,20,190,210,
147,07-01-2011,0,1,9,False,5,1,0.2,146.0,0.1818,0.47,0.2985,9,125,134,
148,07-01-2011,0,1,10,False,5,1,0.22,147.0,0.197,0.37,0.3284,16,47,63,
149,07-01-2011,0,1,11,False,5,2,0.2,148.0,0.197,0.4,0.2239,19,48,67,
150,07-01-2011,0,1,12,False,5,2,0.2,149.0,0.197,0.37,0.2537,9,50,59,
151,07-01-2011,0,1,13,False,5,2,0.2,150.0,0.1818,0.37,0.2836,9,64,73,
152,07-01-2011,0,1,14,False,5,2,0.2,151.0,0.197,0.4,0.2537,7,43,50,
153,07-01-2011,0,1,15,False,5,2,0.2,152.0,0.2121,0.37,0.1642,9,63,72,
154,07-01-2011,0,1,16,False,5,2,0.2,153.0,0.2121,0.37,0.1642,5,82,87,
155,07-01-2011,0,1,17,False,5,2,0.2,154.0,0.2576,0.37,0.0,9,178,187,
156,07-01-2011,0,1,18,False,5,1,0.2,155.0,0.2273,0.4,0.0896,7,116,123,
157,07-01-2011,0,1,19,False,5,1,0.16,156.0,0.197,0.55,0.0896,3,92,95,
158,07-01-2011,0,1,20,False,5,1,0.18,157.0,0.2121,0.47,0.1045,1,50,51,
159,07-01-2011,0,1,21,False,5,1,0.18,158.0,0.197,0.47,0.1343,0,39,39,
160,07-01-2011,0,1,22,False,5,2,0.18,159.0,0.197,0.43,0.1642,2,34,36,
161,07-01-2011,0,1,23,False,5,2,0.18,160.0,0.197,0.51,0.1642,1,14,15,
162,08-01-2011,0,1,0,False,6,2,0.18,161.0,0.197,0.51,0.1642,1,24,25,
163,08-01-2011,0,1,1,False,6,2,0.18,162.0,0.2121,0.55,0.0896,1,15,16,
164,08-01-2011,0,1,2,False,6,2,0.18,163.0,0.2424,0.55,0.0,3,13,16,
165,08-01-2011,0,1,3,False,6,3,0.18,164.0,0.197,0.55,0.1642,0,7,7,
166,08-01-2011,0,1,4,False,6,3,0.18,165.0,0.197,0.55,0.1642,0,1,1,
167,08-01-2011,0,1,5,False,6,2,0.16,166.0,0.1667,0.74,0.1642,0,5,5,
168,08-01-2011,0,1,6,False,6,2,0.16,167.0,0.1667,0.74,0.1642,0,2,2,
169,08-01-2011,0,1,7,False,6,2,0.16,168.0,0.1818,0.74,0.1045,1,8,9,
170,08-01-2011,0,1,8,False,6,3,0.16,169.0,0.1818,0.93,0.1045,0,15,15,
171,08-01-2011,0,1,9,False,6,3,0.16,170.0,0.1818,0.93,0.1045,0,20,20,
172,08-01-2011,0,1,10,False,6,2,0.18,171.0,0.197,0.8,0.1642,5,56,61,
173,08-01-2011,0,1,11,False,6,2,0.2,172.0,0.1818,0.69,0.3881,2,60,62,
174,08-01-2011,0,1,12,False,6,2,0.2,173.0,0.1818,0.59,0.3582,8,90,98,
175,08-01-2011,0,1,13,False,6,1,0.2,174.0,0.1818,0.44,0.3284,7,95,102,
176,08-01-2011,0,1,14,False,6,1,0.2,175.0,0.1667,0.32,0.4925,12,83,95,
177,08-01-2011,0,1,15,False,6,1,0.2,176.0,0.1667,0.32,0.4478,5,69,74,
178,08-01-2011,0,1,16,False,6,1,0.18,177.0,0.1364,0.29,0.4478,8,68,76,
179,08-01-2011,0,1,17,False,6,1,0.16,178.0,0.1212,0.37,0.5522,5,64,69,
180,08-01-2011,0,1,18,False,6,1,0.14,179.0,0.1212,0.39,0.2985,3,52,55,
181,08-01-2011,0,1,19,False,6,1,0.14,180.0,0.1212,0.36,0.2537,4,26,30,
182,08-01-2011,0,1,20,False,6,1,0.12,181.0,0.1212,0.36,0.2537,0,28,28,
183,08-01-2011,0,1,21,False,6,1,0.12,182.0,0.1061,0.39,0.3582,2,35,37,
184,08-01-2011,0,1,22,False,6,1,0.12,183.0,0.1061,0.36,0.3881,1,33,34,
185,08-01-2011,0,1,23,False,6,1,0.1,184.0,0.0606,0.39,0.4478,0,22,22,
186,09-01-2011,0,1,0,False,0,1,0.1,185.0,0.0758,0.42,0.3881,1,24,25,
187,09-01-2011,0,1,1,False,0,1,0.1,186.0,0.0606,0.42,0.4627,0,12,12,
188,09-01-2011,0,1,2,False,0,1,0.1,187.0,0.0606,0.46,0.4627,0,11,11,
189,09-01-2011,0,1,3,False,0,1,0.1,188.0,0.0758,0.46,0.4179,0,4,4,
190,09-01-2011,0,1,4,False,0,1,0.08,189.0,0.0909,0.53,0.194,0,1,1,
191,09-01-2011,0,1,5,False,0,1,0.08,190.0,0.0909,0.53,0.194,0,1,1,
192,09-01-2011,0,1,6,False,0,1,0.1,191.0,0.0909,0.49,0.2836,0,1,1,
193,09-01-2011,0,1,7,False,0,1,0.08,192.0,0.0909,0.53,0.194,1,5,6,
194,09-01-2011,0,1,8,False,0,1,0.1,193.0,0.0909,0.49,0.2836,0,10,10,
195,09-01-2011,0,1,9,False,0,1,0.12,194.0,0.0758,0.46,0.5224,0,19,19,
196,09-01-2011,0,1,10,False,0,1,0.14,195.0,0.1061,0.43,0.3881,0,49,49,
197,09-01-2011,0,1,11,False,0,1,0.16,196.0,0.1212,0.4,0.5224,2,47,49,
198,09-01-2011,0,1,12,False,0,1,0.18,197.0,0.1364,0.37,0.4478,4,79,83,
199,09-01-2011,0,1,13,False,0,1,0.2,198.0,0.1667,0.34,0.4478,6,69,75,
200,09-01-2011,0,1,14,False,0,1,0.22,199.0,0.1818,0.32,0.4627,8,64,72,
201,09-01-2011,0,1,15,False,0,1,0.22,200.0,0.197,0.35,0.3582,5,77,82,
202,09-01-2011,0,1,16,False,0,1,0.2,201.0,0.1667,0.34,0.4478,13,79,92,
203,09-01-2011,0,1,17,False,0,1,0.18,202.0,0.1515,0.37,0.3881,3,59,62,
204,09-01-2011,0,1,18,False,0,1,0.16,203.0,0.1364,0.4,0.3284,4,44,48,
205,09-01-2011,0,1,19,False,0,1,0.16,204.0,0.1364,0.43,0.3284,1,40,41,
206,09-01-2011,0,1,20,False,0,1,0.14,205.0,0.1212,0.46,0.2537,0,38,38,
207,09-01-2011,0,1,21,False,0,1,0.14,206.0,0.1061,0.46,0.4179,1,19,20,
208,09-01-2011,0,1,22,False,0,1,0.14,207.0,0.1212,0.46,0.2985,5,10,15,
209,09-01-2011,0,1,23,False,0,1,0.12,208.0,0.1364,0.5,0.194,0,6,6,
210,10-01-2011,0,1,0,False,1,1,0.12,209.0,0.1212,0.5,0.2836,2,3,5,
211,10-01-2011,0,1,1,False,1,1,0.12,210.0,0.1212,0.5,0.2836,1,0,1,
212,10-01-2011,0,1,2,False,1,1,0.12,211.0,0.1212,0.5,0.2239,0,3,3,
213,10-01-2011,0,1,3,False,1,1,0.12,212.0,0.1212,0.5,0.2239,0,1,1,
214,10-01-2011,0,1,4,False,1,1,0.1,213.0,0.1212,0.54,0.1343,1,2,3,
215,10-01-2011,0,1,5,False,1,1,0.1,214.0,0.1061,0.54,0.2537,0,3,3,
216,10-01-2011,0,1,6,False,1,1,0.12,215.0,0.1212,0.5,0.2836,0,31,31,
217,10-01-2011,0,1,7,False,1,1,0.12,216.0,0.1212,0.5,0.2239,2,75,77,
218,10-01-2011,0,1,8,False,1,2,0.12,217.0,0.1212,0.5,0.2836,4,184,188,
219,10-01-2011,0,1,9,False,1,2,0.14,218.0,0.1212,0.5,0.2537,2,92,94,
220,10-01-2011,0,1,10,False,1,2,0.14,219.0,0.1212,0.5,0.2985,0,31,31,
221,10-01-2011,0,1,11,False,1,2,0.16,220.0,0.1364,0.47,0.2836,2,28,30,
222,10-01-2011,0,1,12,False,1,2,0.2,221.0,0.1818,0.4,0.2836,5,47,52,
223,10-01-2011,0,1,13,False,1,2,0.2,222.0,0.1818,0.4,0.2836,4,50,54,
224,10-01-2011,0,1,14,False,1,2,0.2,223.0,0.197,0.4,0.2239,0,47,47,
225,10-01-2011,0,1,15,False,1,2,0.2,224.0,0.197,0.4,0.2239,2,43,45,
226,10-01-2011,0,1,16,False,1,1,0.2,225.0,0.2121,0.4,0.1343,4,70,74,
227,10-01-2011,0,1,17,False,1,1,0.2,226.0,0.2273,0.4,0.1045,4,174,178,
228,10-01-2011,0,1,18,False,1,1,0.2,227.0,0.197,0.4,0.2239,1,154,155,
229,10-01-2011,0,1,19,False,1,1,0.16,228.0,0.1667,0.47,0.1642,3,92,95,
230,10-01-2011,0,1,20,False,1,1,0.16,229.0,0.1667,0.5,0.1642,1,73,74,
231,10-01-2011,0,1,21,False,1,1,0.14,230.0,0.1364,0.59,0.194,1,37,38,
232,10-01-2011,0,1,22,False,1,1,0.14,231.0,0.1515,0.59,0.1642,2,22,24,
233,10-01-2011,0,1,23,False,1,1,0.14,232.0,0.1515,0.59,0.1642,0,18,18,
234,11-01-2011,0,1,0,False,2,1,0.14,233.0,0.1667,0.59,0.1045,2,10,12,
235,11-01-2011,0,1,1,False,2,1,0.14,234.0,0.1515,0.59,0.1642,0,3,3,
236,11-01-2011,0,1,2,False,2,2,0.16,235.0,0.1515,0.55,0.194,0,3,3,
237,11-01-2011,0,1,5,False,2,2,0.16,236.0,0.1818,0.55,0.1343,0,6,6,
238,11-01-2011,0,1,6,False,2,2,0.16,237.0,0.1818,0.55,0.1343,0,27,27,
239,11-01-2011,0,1,7,False,2,2,0.16,238.0,0.2273,0.55,0.0,2,97,99,
240,11-01-2011,0,1,8,False,2,2,0.18,239.0,0.2121,0.51,0.0896,3,214,217,
241,11-01-2011,0,1,9,False,2,2,0.18,240.0,0.197,0.51,0.1642,3,127,130,
242,11-01-2011,0,1,10,False,2,2,0.2,241.0,0.2121,0.51,0.1642,3,51,54,
243,11-01-2011,0,1,11,False,2,2,0.2,242.0,0.2121,0.47,0.1343,4,31,35,
244,11-01-2011,0,1,12,False,2,2,0.2,243.0,0.2273,0.51,0.1045,2,55,57,
245,11-01-2011,0,1,13,False,2,2,0.2,244.0,0.2273,0.59,0.0896,6,46,52,
246,11-01-2011,0,1,14,False,2,2,0.2,245.0,0.2273,0.59,0.0896,3,60,63,
247,11-01-2011,0,1,15,False,2,2,0.16,246.0,0.197,0.8,0.0896,2,45,47,
248,11-01-2011,0,1,16,False,2,2,0.16,247.0,0.1515,0.86,0.2239,4,72,76,
249,11-01-2011,0,1,17,False,2,2,0.16,248.0,0.1515,0.86,0.2239,6,130,136,
250,11-01-2011,0,1,18,False,2,3,0.16,249.0,0.1818,0.93,0.1045,1,94,95,
251,11-01-2011,0,1,19,False,2,3,0.16,250.0,0.2273,0.93,0.0,0,51,51,
252,11-01-2011,0,1,20,False,2,3,0.16,251.0,0.1515,0.93,0.194,0,32,32,
253,11-01-2011,0,1,21,False,2,3,0.16,252.0,0.197,0.86,0.0896,0,20,20,
254,11-01-2011,0,1,22,False,2,3,0.16,253.0,0.1818,0.93,0.1045,1,28,29,
255,11-01-2011,0,1,23,False,2,3,0.16,254.0,0.197,0.93,0.0896,1,18,19,
256,12-01-2011,0,1,0,False,3,2,0.16,255.0,0.197,0.86,0.0896,0,7,7,
257,12-01-2011,0,1,1,False,3,2,0.16,256.0,0.1818,0.86,0.1045,0,6,6,
258,12-01-2011,0,1,2,False,3,1,0.14,257.0,0.1515,0.86,0.1343,0,1,1,
259,12-01-2011,0,1,5,False,3,1,0.14,258.0,0.1515,0.86,0.1642,0,5,5,
260,12-01-2011,0,1,6,False,3,1,0.12,259.0,0.1515,0.93,0.1343,0,16,16,
261,12-01-2011,0,1,7,False,3,1,0.14,260.0,0.1515,0.69,0.1343,0,54,54,
262,12-01-2011,0,1,8,False,3,1,0.16,261.0,0.1667,0.59,0.1642,3,125,128,
263,12-01-2011,0,1,9,False,3,1,0.16,262.0,0.1364,0.59,0.3284,3,78,81,
264,12-01-2011,0,1,10,False,3,1,0.18,263.0,0.1818,0.55,0.2239,0,39,39,
265,12-01-2011,0,1,11,False,3,1,0.2,264.0,0.1818,0.51,0.3881,3,32,35,
266,12-01-2011,0,1,12,False,3,1,0.2,265.0,0.1515,0.47,0.5821,3,52,55,
267,12-01-2011,0,1,13,False,3,1,0.22,266.0,0.197,0.44,0.3582,0,49,49,
268,12-01-2011,0,1,14,False,3,1,0.2,267.0,0.1818,0.47,0.3284,0,44,44,
269,12-01-2011,0,1,15,False,3,1,0.2,268.0,0.1667,0.47,0.4179,1,48,49,
270,12-01-2011,0,1,16,False,3,1,0.22,269.0,0.197,0.44,0.3284,5,63,68,
271,12-01-2011,0,1,17,False,3,1,0.2,270.0,0.1818,0.47,0.3582,0,139,139,
272,12-01-2011,0,1,18,False,3,1,0.2,271.0,0.1515,0.47,0.5224,2,135,137,
273,12-01-2011,0,1,19,False,3,1,0.18,272.0,0.1515,0.47,0.4179,1,82,83,
274,12-01-2011,0,1,20,False,3,1,0.16,273.0,0.1364,0.5,0.3284,2,54,56,
275,12-01-2011,0,1,21,False,3,1,0.16,274.0,0.1364,0.55,0.3284,0,57,57,
276,12-01-2011,0,1,22,False,3,1,0.16,275.0,0.1212,0.55,0.4478,1,32,33,
277,12-01-2011,0,1,23,False,3,1,0.14,276.0,0.1061,0.59,0.4179,1,19,20,
278,13-01-2011,0,1,0,False,4,1,0.14,277.0,0.1212,0.59,0.2836,1,6,7,
279,13-01-2011,0,1,1,False,4,1,0.14,278.0,0.1212,0.5,0.2836,0,2,2,
280,13-01-2011,0,1,2,False,4,1,0.14,279.0,0.1212,0.5,0.3582,0,2,2,
281,13-01-2011,0,1,3,False,4,1,0.14,280.0,0.1212,0.5,0.3284,0,3,3,
282,13-01-2011,0,1,4,False,4,1,0.14,281.0,0.1212,0.5,0.2537,0,4,4,
283,13-01-2011,0,1,5,False,4,1,0.14,282.0,0.1212,0.5,0.2985,0,3,3,
284,13-01-2011,0,1,6,False,4,1,0.12,283.0,0.1515,0.54,0.1343,0,28,28,
285,13-01-2011,0,1,7,False,4,1,0.12,284.0,0.1515,0.54,0.1343,0,72,72,
286,13-01-2011,0,1,8,False,4,1,0.14,285.0,0.1364,0.5,0.194,5,197,202,
287,13-01-2011,0,1,9,False,4,1,0.14,286.0,0.1212,0.5,0.3284,2,137,139,
288,13-01-2011,0,1,10,False,4,2,0.16,287.0,0.1364,0.5,0.3582,2,36,38,
289,13-01-2011,0,1,11,False,4,2,0.2,288.0,0.1667,0.44,0.4478,4,33,37,
290,13-01-2011,0,1,12,False,4,1,0.2,289.0,0.1667,0.44,0.4179,3,49,52,
291,13-01-2011,0,1,13,False,4,1,0.22,290.0,0.197,0.41,0.4478,2,81,83,
292,13-01-2011,0,1,14,False,4,1,0.22,291.0,0.197,0.41,0.3881,3,39,42,
293,13-01-2011,0,1,15,False,4,1,0.24,292.0,0.2121,0.38,0.2985,5,55,60,
294,13-01-2011,0,1,16,False,4,1,0.24,293.0,0.2121,0.38,0.3582,2,76,78,
295,13-01-2011,0,1,17,False,4,1,0.2,294.0,0.1818,0.4,0.2836,4,158,162,
296,13-01-2011,0,1,18,False,4,1,0.2,295.0,0.1818,0.4,0.3284,3,141,144,
297,13-01-2011,0,1,19,False,4,1,0.16,296.0,0.1515,0.47,0.2537,1,98,99,
298,13-01-2011,0,1,20,False,4,1,0.16,297.0,0.1515,0.47,0.2239,0,64,64,
299,13-01-2011,0,1,21,False,4,1,0.14,298.0,0.1212,0.46,0.2985,0,40,40,
300,13-01-2011,0,1,22,False,4,1,0.14,299.0,0.1212,0.46,0.3284,0,30,30,
301,13-01-2011,0,1,23,False,4,1,0.12,300.0,0.1364,0.5,0.194,1,14,15,
302,14-01-2011,0,1,0,False,5,1,0.12,301.0,0.1364,0.5,0.194,0,14,14,
303,14-01-2011,0,1,1,False,5,1,0.1,302.0,0.1212,0.54,0.1642,0,5,5,
304,14-01-2011,0,1,2,False,5,1,0.1,303.0,0.1212,0.54,0.1343,0,1,1,
305,14-01-2011,0,1,3,False,5,1,0.1,304.0,0.1364,0.54,0.1045,0,1,1,
306,14-01-2011,0,1,5,False,5,1,0.1,305.0,0.1364,0.54,0.0896,0,8,8,
307,14-01-2011,0,1,6,False,5,1,0.1,306.0,0.1818,0.54,0.0,0,17,17,
308,14-01-2011,0,1,7,False,5,1,0.1,307.0,0.1212,0.74,0.1642,0,70,70,
309,14-01-2011,0,1,8,False,5,1,0.12,308.0,0.1667,0.68,0.0,2,156,158,
310,14-01-2011,0,1,9,False,5,1,0.14,309.0,0.1515,0.69,0.1343,0,117,117,
311,14-01-2011,0,1,10,False,5,1,0.18,310.0,0.1818,0.55,0.194,4,40,44,
312,14-01-2011,0,1,11,False,5,1,0.18,311.0,0.1667,0.51,0.2836,6,47,53,
313,14-01-2011,0,1,12,False,5,1,0.2,312.0,0.197,0.44,0.2537,2,59,61,
314,14-01-2011,0,1,13,False,5,1,0.22,313.0,0.197,0.37,0.3881,4,73,77,
315,14-01-2011,0,1,14,False,5,1,0.22,314.0,0.2121,0.41,0.2836,5,59,64,
316,14-01-2011,0,1,15,False,5,1,0.24,315.0,0.2424,0.38,0.1642,9,59,68,
317,14-01-2011,0,1,16,False,5,1,0.22,316.0,0.2424,0.41,0.1045,3,87,90,
318,14-01-2011,0,1,17,False,5,1,0.22,317.0,0.2273,0.41,0.1642,4,155,159,
319,14-01-2011,0,1,18,False,5,1,0.2,318.0,0.2576,0.47,0.0,5,134,139,
320,14-01-2011,0,1,19,False,5,1,0.16,319.0,0.197,0.59,0.0896,3,89,92,
321,14-01-2011,0,1,20,False,5,1,0.18,320.0,0.2424,0.59,0.0,0,68,68,
322,14-01-2011,0,1,21,False,5,1,0.16,321.0,0.2273,0.69,0.0,4,48,52,
323,14-01-2011,0,1,22,False,5,2,0.16,322.0,0.2273,0.69,0.0,2,34,36,
324,14-01-2011,0,1,23,False,5,2,0.18,323.0,0.2424,0.55,0.0,1,26,27,
325,15-01-2011,0,1,0,False,6,1,0.18,324.0,0.2424,0.55,0.0,3,25,28,
326,15-01-2011,0,1,1,False,6,2,0.16,325.0,0.197,0.59,0.0896,2,18,20,
327,15-01-2011,0,1,2,False,6,2,0.16,326.0,0.197,0.59,0.0896,0,12,12,
328,15-01-2011,0,1,3,False,6,2,0.16,327.0,0.2273,0.59,0.0,1,7,8,
329,15-01-2011,0,1,4,False,6,2,0.16,328.0,0.2273,0.59,0.0,0,5,5,
330,15-01-2011,0,1,5,False,6,1,0.16,329.0,0.2273,0.59,0.0,0,1,1,
331,15-01-2011,0,1,6,False,6,1,0.14,330.0,0.1667,0.63,0.1045,1,2,3,
332,15-01-2011,0,1,7,False,6,1,0.14,331.0,0.2121,0.63,0.0,1,9,10,
333,15-01-2011,0,1,8,False,6,1,0.14,332.0,0.1515,0.63,0.1343,1,22,23,
334,15-01-2011,0,1,9,False,6,1,0.16,333.0,0.1818,0.64,0.1343,2,31,33,
335,15-01-2011,0,1,10,False,6,1,0.18,334.0,0.197,0.59,0.1642,2,57,59,
336,15-01-2011,0,1,11,False,6,1,0.2,335.0,0.197,0.55,0.2239,18,54,72,
337,15-01-2011,0,1,12,False,6,1,0.24,336.0,0.2273,0.48,0.2239,15,74,89,
338,15-01-2011,0,1,13,False,6,1,0.28,337.0,0.2576,0.38,0.2985,21,80,101,
339,15-01-2011,0,1,14,False,6,1,0.3,338.0,0.2879,0.39,0.2836,26,92,118,
340,15-01-2011,0,1,15,False,6,2,0.32,339.0,0.3182,0.36,0.194,21,108,129,
341,15-01-2011,0,1,16,False,6,2,0.34,340.0,0.3333,0.34,0.194,33,95,128,
342,15-01-2011,0,1,17,False,6,2,0.32,341.0,0.303,0.36,0.2836,29,54,83,
343,15-01-2011,0,1,18,False,6,2,0.3,342.0,0.2879,0.45,0.2537,15,69,84,
344,15-01-2011,0,1,19,False,6,2,0.32,343.0,0.303,0.39,0.2537,14,60,74,
345,15-01-2011,0,1,20,False,6,2,0.32,344.0,0.303,0.39,0.2537,6,35,41,
346,15-01-2011,0,1,21,False,6,2,0.32,345.0,0.303,0.39,0.2239,6,51,57,
347,15-01-2011,0,1,22,False,6,2,0.3,346.0,0.3182,0.42,0.1045,0,26,26,
348,15-01-2011,0,1,23,False,6,1,0.3,347.0,0.2879,0.45,0.2836,5,39,44,
349,16-01-2011,0,1,0,False,0,1,0.26,348.0,0.303,0.56,0.0,6,33,39,
350,16-01-2011,0,1,1,False,0,1,0.26,349.0,0.2727,0.56,0.1343,4,19,23,
351,16-01-2011,0,1,2,False,0,1,0.26,350.0,0.2879,0.56,0.0896,3,13,16,
352,16-01-2011,0,1,3,False,0,1,0.22,351.0,0.2727,0.69,0.0,9,6,15,
353,16-01-2011,0,1,4,False,0,1,0.26,352.0,0.2576,0.56,0.1642,0,1,1,
354,16-01-2011,0,1,5,False,0,2,0.26,353.0,0.2576,0.56,0.1642,1,1,2,
355,16-01-2011,0,1,6,False,0,2,0.26,354.0,0.2576,0.56,0.1642,0,1,1,
356,16-01-2011,0,1,7,False,0,2,0.24,355.0,0.2121,0.56,0.2985,0,3,3,
357,16-01-2011,0,1,8,False,0,1,0.22,356.0,0.2121,0.55,0.2836,0,18,18,
358,16-01-2011,0,1,9,False,0,1,0.22,357.0,0.2121,0.51,0.2537,3,29,32,
359,16-01-2011,0,1,10,False,0,1,0.22,358.0,0.2121,0.51,0.2836,8,71,79,
360,16-01-2011,0,1,11,False,0,1,0.24,359.0,0.2273,0.44,0.2537,23,70,93,
361,16-01-2011,0,1,12,False,0,1,0.24,360.0,0.2121,0.41,0.2836,29,75,104,
362,16-01-2011,0,1,13,False,0,1,0.26,361.0,0.2273,0.35,0.2985,23,95,118,
363,16-01-2011,0,1,14,False,0,1,0.28,362.0,0.2727,0.36,0.2537,22,69,91,
364,16-01-2011,0,1,15,False,0,1,0.26,363.0,0.2424,0.38,0.2537,35,78,113,
365,16-01-2011,0,1,16,False,0,1,0.24,364.0,0.2273,0.38,0.2239,22,77,99,
366,16-01-2011,0,1,17,False,0,1,0.22,365.0,0.2121,0.37,0.2537,23,82,105,
367,16-01-2011,0,1,18,False,0,1,0.2,366.0,0.2121,0.4,0.1642,11,56,67,
368,16-01-2011,0,1,19,False,0,1,0.18,367.0,0.197,0.47,0.1343,14,47,61,
369,16-01-2011,0,1,20,False,0,1,0.18,368.0,0.197,0.47,0.1642,7,50,57,
370,16-01-2011,0,1,21,False,0,1,0.18,369.0,0.197,0.51,0.1642,6,22,28,
371,16-01-2011,0,1,22,False,0,2,0.2,370.0,0.2121,0.49,0.1343,2,19,21,
372,16-01-2011,0,1,23,False,0,2,0.2,371.0,0.2273,0.4,0.1045,0,18,18,
373,17-01-2011,0,1,0,True,1,2,0.2,372.0,0.197,0.47,0.2239,1,16,17,
374,17-01-2011,0,1,1,True,1,2,0.2,373.0,0.197,0.44,0.194,1,15,16,
375,17-01-2011,0,1,2,True,1,2,0.18,374.0,0.1667,0.43,0.2537,0,8,8,
376,17-01-2011,0,1,3,True,1,2,0.18,375.0,0.1818,0.43,0.194,0,2,2,
377,17-01-2011,0,1,4,True,1,2,0.18,376.0,0.197,0.43,0.1343,1,2,3,
378,17-01-2011,0,1,5,True,1,2,0.18,377.0,0.197,0.43,0.1642,0,1,1,
379,17-01-2011,0,1,6,True,1,2,0.18,378.0,0.1818,0.43,0.194,0,5,5,
380,17-01-2011,0,1,7,True,1,2,0.16,379.0,0.1818,0.5,0.1343,4,9,13,
381,17-01-2011,0,1,8,True,1,2,0.16,380.0,0.1515,0.47,0.2239,3,30,33,
382,17-01-2011,0,1,9,True,1,2,0.16,381.0,0.1515,0.47,0.2239,8,39,47,
383,17-01-2011,0,1,10,True,1,2,0.16,382.0,0.1515,0.5,0.2537,7,50,57,
384,17-01-2011,0,1,11,True,1,2,0.16,383.0,0.1515,0.55,0.194,9,55,64,
385,17-01-2011,0,1,12,True,1,2,0.18,384.0,0.197,0.47,0.1343,10,70,80,
386,17-01-2011,0,1,13,True,1,2,0.18,385.0,0.197,0.47,0.1343,13,80,93,
387,17-01-2011,0,1,14,True,1,2,0.18,386.0,0.2121,0.43,0.1045,12,74,86,
388,17-01-2011,0,1,15,True,1,2,0.2,387.0,0.2121,0.47,0.1642,21,72,93,
389,17-01-2011,0,1,16,True,1,2,0.2,388.0,0.2121,0.47,0.1642,6,76,82,
390,17-01-2011,0,1,17,True,1,1,0.2,389.0,0.197,0.51,0.194,4,67,71,
391,17-01-2011,0,1,18,True,1,2,0.18,390.0,0.1667,0.55,0.2537,7,85,92,
392,17-01-2011,0,1,19,True,1,3,0.18,391.0,0.1818,0.59,0.194,2,58,60,
393,17-01-2011,0,1,20,True,1,3,0.16,392.0,0.1515,0.8,0.194,4,29,33,
394,17-01-2011,0,1,21,True,1,3,0.16,393.0,0.1515,0.8,0.194,3,24,27,
395,17-01-2011,0,1,22,True,1,3,0.14,394.0,0.1212,0.93,0.2537,0,13,13,
396,17-01-2011,0,1,23,True,1,3,0.16,395.0,0.1364,0.86,0.2836,1,3,4,
397,18-01-2011,0,1,12,False,2,2,0.2,396.0,0.1818,0.86,0.3284,0,3,3,
398,18-01-2011,0,1,13,False,2,2,0.2,397.0,0.197,0.86,0.2239,0,22,22,
399,18-01-2011,0,1,14,False,2,2,0.22,398.0,0.2273,0.8,0.1642,2,26,28,
400,18-01-2011,0,1,15,False,2,2,0.22,399.0,0.2273,0.87,0.1642,3,32,35,
401,18-01-2011,0,1,16,False,2,2,0.22,400.0,0.2273,0.87,0.194,0,61,61,
402,18-01-2011,0,1,17,False,2,2,0.22,401.0,0.2273,0.82,0.194,1,124,125,
403,18-01-2011,0,1,18,False,2,2,0.22,402.0,0.2273,0.8,0.1642,1,132,133,
404,18-01-2011,0,1,19,False,2,2,0.22,403.0,0.2273,0.8,0.1343,1,98,99,
405,18-01-2011,0,1,20,False,2,2,0.22,404.0,0.2727,0.87,0.0,0,83,83,
406,18-01-2011,0,1,21,False,2,2,0.22,405.0,0.2424,0.93,0.1045,0,41,41,
407,18-01-2011,0,1,22,False,2,2,0.22,406.0,0.2576,0.93,0.0896,0,33,33,
408,18-01-2011,0,1,23,False,2,2,0.22,407.0,0.2727,0.93,0.0,1,19,20,
409,19-01-2011,0,1,0,False,3,2,0.22,408.0,0.2727,0.93,0.0,0,3,3,
410,19-01-2011,0,1,1,False,3,3,0.22,409.0,0.2273,0.93,0.1343,1,6,7,
411,19-01-2011,0,1,2,False,3,3,0.22,410.0,0.2273,0.93,0.1343,0,3,3,
412,19-01-2011,0,1,4,False,3,3,0.22,411.0,0.2273,0.93,0.1343,1,1,2,
413,19-01-2011,0,1,5,False,3,2,0.22,412.0,0.2576,0.93,0.0896,0,7,7,
414,19-01-2011,0,1,6,False,3,2,0.22,413.0,0.2576,0.93,0.0896,0,32,32,
415,19-01-2011,0,1,7,False,3,2,0.24,414.0,0.2576,0.92,0.1045,1,89,90,
416,19-01-2011,0,1,8,False,3,2,0.24,415.0,0.2576,0.93,0.1045,1,196,197,
417,19-01-2011,0,1,9,False,3,2,0.24,416.0,0.2576,0.93,0.1045,2,107,109,
418,19-01-2011,0,1,10,False,3,2,0.26,417.0,0.2727,0.93,0.1343,1,46,47,
419,19-01-2011,0,1,11,False,3,2,0.28,418.0,0.303,0.87,0.0896,5,47,52,
420,19-01-2011,0,1,12,False,3,2,0.3,419.0,0.3182,0.81,0.0896,5,65,70,
421,19-01-2011,0,1,13,False,3,1,0.4,420.0,0.4091,0.62,0.2836,11,67,78,
422,19-01-2011,0,1,14,False,3,1,0.4,421.0,0.4091,0.58,0.2537,7,68,75,
423,19-01-2011,0,1,15,False,3,1,0.4,422.0,0.4091,0.54,0.2836,4,78,82,
424,19-01-2011,0,1,16,False,3,1,0.38,423.0,0.3939,0.58,0.3881,10,94,104,
425,19-01-2011,0,1,17,False,3,1,0.36,424.0,0.3333,0.57,0.3284,7,190,197,
426,19-01-2011,0,1,18,False,3,1,0.34,425.0,0.3182,0.61,0.2836,5,156,161,
427,19-01-2011,0,1,19,False,3,1,0.32,426.0,0.2879,0.57,0.4179,4,108,112,
428,19-01-2011,0,1,20,False,3,1,0.32,427.0,0.303,0.49,0.2985,2,74,76,
429,19-01-2011,0,1,21,False,3,1,0.32,428.0,0.2879,0.49,0.4179,4,55,59,
430,19-01-2011,0,1,22,False,3,1,0.3,429.0,0.303,0.52,0.1642,6,53,59,
431,19-01-2011,0,1,23,False,3,1,0.3,430.0,0.2727,0.52,0.4627,1,27,28,
432,20-01-2011,0,1,0,False,4,1,0.26,431.0,0.2273,0.56,0.3881,5,8,13,
433,20-01-2011,0,1,1,False,4,1,0.26,432.0,0.2727,0.56,0.0,2,3,5,
434,20-01-2011,0,1,2,False,4,1,0.26,433.0,0.2727,0.56,0.0,0,2,2,
435,20-01-2011,0,1,3,False,4,1,0.26,434.0,0.2576,0.56,0.1642,0,1,1,
436,20-01-2011,0,1,4,False,4,1,0.26,435.0,0.2576,0.56,0.1642,0,1,1,
437,20-01-2011,0,1,5,False,4,1,0.24,436.0,0.2273,0.6,0.2239,0,6,6,
438,20-01-2011,0,1,6,False,4,1,0.22,437.0,0.2121,0.6,0.2239,0,35,35,
439,20-01-2011,0,1,7,False,4,1,0.22,438.0,0.2121,0.55,0.2239,1,100,101,
440,20-01-2011,0,1,8,False,4,1,0.22,439.0,0.2121,0.55,0.2836,2,247,249,
441,20-01-2011,0,1,9,False,4,2,0.24,440.0,0.2273,0.52,0.2239,3,140,143,
442,20-01-2011,0,1,10,False,4,1,0.26,441.0,0.2273,0.48,0.2985,1,56,57,
443,20-01-2011,0,1,11,False,4,2,0.28,442.0,0.2727,0.45,0.1642,5,63,68,
444,20-01-2011,0,1,12,False,4,2,0.3,443.0,0.3333,0.42,0.0,7,77,84,
445,20-01-2011,0,1,13,False,4,2,0.28,444.0,0.2879,0.45,0.1045,12,86,98,
446,20-01-2011,0,1,14,False,4,2,0.3,445.0,0.303,0.45,0.1343,6,75,81,
447,20-01-2011,0,1,15,False,4,2,0.32,446.0,0.3182,0.45,0.194,8,62,70,
448,20-01-2011,0,1,16,False,4,2,0.3,447.0,0.303,0.49,0.1343,8,83,91,
449,20-01-2011,0,1,17,False,4,2,0.3,448.0,0.3182,0.49,0.1045,8,207,215,
450,20-01-2011,0,1,18,False,4,2,0.26,449.0,0.2576,0.56,0.194,1,184,185,
451,20-01-2011,0,1,19,False,4,1,0.26,450.0,0.2273,0.56,0.3284,6,146,152,
452,20-01-2011,0,1,20,False,4,2,0.26,451.0,0.2424,0.6,0.2836,2,124,126,
453,20-01-2011,0,1,21,False,4,2,0.24,452.0,0.2273,0.6,0.2537,3,54,57,
454,20-01-2011,0,1,22,False,4,2,0.24,453.0,0.2121,0.65,0.2836,0,56,56,
455,20-01-2011,0,1,23,False,4,2,0.24,454.0,0.2121,0.65,0.3284,3,28,31,
456,21-01-2011,0,1,0,False,5,2,0.24,455.0,0.2273,0.7,0.2537,1,20,21,
457,21-01-2011,0,1,1,False,5,2,0.24,456.0,0.2273,0.7,0.2537,0,6,6,
458,21-01-2011,0,1,2,False,5,3,0.24,457.0,0.2424,0.75,0.1642,0,2,2,
459,21-01-2011,0,1,3,False,5,3,0.22,458.0,0.2121,0.8,0.2985,0,1,1,
460,21-01-2011,0,1,4,False,5,2,0.22,459.0,0.2576,0.87,0.0896,0,1,1,
461,21-01-2011,0,1,5,False,5,1,0.24,460.0,0.197,0.6,0.4179,1,4,5,
462,21-01-2011,0,1,6,False,5,1,0.22,461.0,0.2121,0.55,0.2537,0,27,27,
463,21-01-2011,0,1,7,False,5,1,0.2,462.0,0.1818,0.51,0.2836,2,66,68,
464,21-01-2011,0,1,8,False,5,1,0.2,463.0,0.1818,0.47,0.3284,7,210,217,
465,21-01-2011,0,1,9,False,5,1,0.2,464.0,0.1818,0.51,0.3582,7,159,166,
466,21-01-2011,0,1,10,False,5,1,0.2,465.0,0.1667,0.47,0.4627,6,57,63,
467,21-01-2011,0,1,11,False,5,1,0.22,466.0,0.1818,0.41,0.4627,6,53,59,
468,21-01-2011,0,1,12,False,5,1,0.22,467.0,0.1818,0.27,0.5821,11,67,78,
469,21-01-2011,0,1,13,False,5,1,0.2,468.0,0.1515,0.21,0.5821,8,65,73,
470,21-01-2011,0,1,14,False,5,1,0.2,469.0,0.1515,0.25,0.5224,6,56,62,
471,21-01-2011,0,1,15,False,5,1,0.16,470.0,0.1212,0.26,0.4478,4,61,65,
472,21-01-2011,0,1,16,False,5,1,0.16,471.0,0.1364,0.26,0.3582,0,97,97,
473,21-01-2011,0,1,17,False,5,1,0.14,472.0,0.1212,0.28,0.3582,10,151,161,
474,21-01-2011,0,1,18,False,5,1,0.12,473.0,0.1212,0.3,0.2537,1,119,120,
475,21-01-2011,0,1,19,False,5,1,0.12,474.0,0.1061,0.3,0.3284,3,93,96,
476,21-01-2011,0,1,20,False,5,1,0.1,475.0,0.0758,0.33,0.4179,1,52,53,
477,21-01-2011,0,1,21,False,5,1,0.08,476.0,0.0758,0.38,0.2836,0,41,41,
478,21-01-2011,0,1,22,False,5,1,0.06,477.0,0.0303,0.41,0.3881,1,33,34,
479,21-01-2011,0,1,23,False,5,1,0.06,478.0,0.0455,0.38,0.3284,0,27,27,
480,22-01-2011,0,1,0,False,6,1,0.04,479.0,0.0303,0.45,0.2537,0,13,13,
481,22-01-2011,0,1,1,False,6,2,0.04,480.0,0.0,0.41,0.3881,3,9,12,
482,22-01-2011,0,1,2,False,6,2,0.04,481.0,0.0303,0.41,0.2537,0,11,11,
483,22-01-2011,0,1,3,False,6,2,0.04,482.0,0.0303,0.41,0.2836,1,6,7,
484,22-01-2011,0,1,4,False,6,2,0.02,483.0,0.0152,0.48,0.2985,0,3,3,
485,22-01-2011,0,1,6,False,6,2,0.02,484.0,0.0303,0.44,0.2239,0,2,2,
486,22-01-2011,0,1,7,False,6,1,0.02,485.0,0.0152,0.44,0.2836,0,8,8,
487,22-01-2011,0,1,8,False,6,1,0.02,486.0,0.0,0.44,0.3284,1,26,27,
488,22-01-2011,0,1,9,False,6,1,0.04,487.0,0.0303,0.41,0.2537,3,37,40,
489,22-01-2011,0,1,10,False,6,2,0.04,488.0,0.0606,0.41,0.1642,3,50,53,
490,22-01-2011,0,1,11,False,6,2,0.06,489.0,0.0758,0.38,0.1343,4,59,63,
491,22-01-2011,0,1,12,False,6,2,0.06,490.0,0.1061,0.38,0.1045,10,60,70,
492,22-01-2011,0,1,13,False,6,1,0.08,491.0,0.1667,0.35,0.0,12,72,84,
493,22-01-2011,0,1,14,False,6,1,0.1,492.0,0.1364,0.33,0.1045,11,64,75,
494,22-01-2011,0,1,15,False,6,1,0.12,493.0,0.1515,0.28,0.0,10,93,103,
495,22-01-2011,0,1,16,False,6,1,0.12,494.0,0.1364,0.28,0.194,11,72,83,
496,22-01-2011,0,1,17,False,6,1,0.12,495.0,0.197,0.28,0.0,8,59,67,
497,22-01-2011,0,1,18,False,6,1,0.08,496.0,0.0909,0.35,0.194,0,54,54,
498,22-01-2011,0,1,19,False,6,1,0.08,497.0,0.1061,0.35,0.1343,6,53,59,
499,22-01-2011,0,1,20,False,6,1,0.06,498.0,0.0758,0.45,0.1642,1,44,45,
500,22-01-2011,0,1,21,False,6,1,0.06,499.0,0.1061,0.41,0.0896,0,39,39,
501,22-01-2011,0,1,22,False,6,1,0.06,500.0,0.1515,0.49,0.0,7,23,30,
502,22-01-2011,0,1,23,False,6,1,0.04,501.0,0.0758,0.57,0.1045,2,31,33,
503,23-01-2011,0,1,0,False,0,1,0.04,502.0,0.0758,0.57,0.1045,2,20,22,
504,23-01-2011,0,1,1,False,0,1,0.04,503.0,0.0758,0.57,0.1045,1,12,13,
505,23-01-2011,0,1,2,False,0,1,0.02,504.0,0.0606,0.62,0.1343,3,15,18,
506,23-01-2011,0,1,3,False,0,1,0.02,505.0,0.0606,0.62,0.1343,1,4,5,
507,23-01-2011,0,1,5,False,0,2,0.04,506.0,0.0758,0.57,0.1045,0,3,3,
508,23-01-2011,0,1,6,False,0,2,0.04,507.0,0.0758,0.57,0.1045,0,1,1,
509,23-01-2011,0,1,7,False,0,1,0.08,508.0,0.1061,0.58,0.1642,1,1,2,
510,23-01-2011,0,1,8,False,0,1,0.06,509.0,0.0758,0.62,0.1642,2,17,19,
511,23-01-2011,0,1,9,False,0,1,0.1,510.0,0.0758,0.54,0.3582,3,25,28,
512,23-01-2011,0,1,10,False,0,1,0.14,511.0,0.1061,0.46,0.3881,7,51,58,
513,23-01-2011,0,1,11,False,0,1,0.14,512.0,0.1364,0.43,0.2239,22,77,99,
514,23-01-2011,0,1,12,False,0,1,0.16,513.0,0.1212,0.37,0.4627,24,92,116,
515,23-01-2011,0,1,13,False,0,1,0.14,514.0,0.1061,0.33,0.3881,12,75,87,
516,23-01-2011,0,1,14,False,0,1,0.16,515.0,0.1364,0.28,0.3582,17,93,110,
517,23-01-2011,0,1,15,False,0,1,0.16,516.0,0.1364,0.28,0.3582,13,64,77,
518,23-01-2011,0,1,16,False,0,1,0.16,517.0,0.1364,0.26,0.3284,9,56,65,
519,23-01-2011,0,1,17,False,0,1,0.14,518.0,0.1061,0.26,0.3881,5,50,55,
520,23-01-2011,0,1,18,False,0,1,0.12,519.0,0.1212,0.3,0.2537,5,44,49,
521,23-01-2011,0,1,19,False,0,1,0.12,520.0,0.1212,0.3,0.2836,5,45,50,
522,23-01-2011,0,1,20,False,0,1,0.1,521.0,0.1061,0.36,0.2537,4,31,35,
523,23-01-2011,0,1,21,False,0,1,0.1,522.0,0.1061,0.36,0.194,5,20,25,
524,23-01-2011,0,1,22,False,0,1,0.08,523.0,0.0909,0.38,0.194,5,23,28,
525,23-01-2011,0,1,23,False,0,1,0.06,524.0,0.0606,0.41,0.2239,4,17,21,
526,24-01-2011,0,1,0,False,1,1,0.06,525.0,0.0606,0.41,0.194,0,7,7,
527,24-01-2011,0,1,1,False,1,1,0.04,526.0,0.0455,0.45,0.194,0,1,1,
528,24-01-2011,0,1,3,False,1,1,0.04,527.0,0.0303,0.45,0.2537,0,1,1,
529,24-01-2011,0,1,4,False,1,1,0.02,528.0,0.0606,0.48,0.1343,0,1,1,
530,24-01-2011,0,1,5,False,1,1,0.02,529.0,0.0606,0.48,0.1343,0,5,5,
531,24-01-2011,0,1,6,False,1,1,0.02,530.0,0.0758,0.48,0.0896,0,15,15,
532,24-01-2011,0,1,7,False,1,1,0.02,531.0,0.1212,0.48,0.0,5,79,84,
533,24-01-2011,0,1,8,False,1,1,0.04,532.0,0.1364,0.49,0.0,6,171,177,
534,24-01-2011,0,1,9,False,1,1,0.06,533.0,0.1515,0.41,0.0,4,98,102,
535,24-01-2011,0,1,10,False,1,1,0.1,534.0,0.1364,0.42,0.0,6,34,40,
536,24-01-2011,0,1,11,False,1,1,0.1,535.0,0.1212,0.46,0.1343,3,43,46,
537,24-01-2011,0,1,12,False,1,2,0.12,536.0,0.1364,0.42,0.194,11,52,63,
538,24-01-2011,0,1,13,False,1,2,0.14,537.0,0.1364,0.43,0.2239,6,54,60,
539,24-01-2011,0,1,14,False,1,2,0.14,538.0,0.1364,0.46,0.2239,2,43,45,
540,24-01-2011,0,1,15,False,1,1,0.16,539.0,0.1667,0.4,0.1642,7,50,57,
541,24-01-2011,0,1,16,False,1,1,0.16,540.0,0.1515,0.47,0.2537,4,66,70,
542,24-01-2011,0,1,17,False,1,1,0.14,541.0,0.1212,0.5,0.2537,6,178,184,
543,24-01-2011,0,1,18,False,1,1,0.14,542.0,0.1364,0.59,0.194,8,145,153,
544,24-01-2011,0,1,19,False,1,1,0.14,543.0,0.1515,0.54,0.1642,5,101,106,
545,24-01-2011,0,1,20,False,1,1,0.14,544.0,0.1364,0.59,0.194,1,80,81,
546,24-01-2011,0,1,21,False,1,1,0.14,545.0,0.1515,0.63,0.1642,6,53,59,
547,24-01-2011,0,1,22,False,1,2,0.14,546.0,0.1364,0.63,0.2239,3,32,35,
548,24-01-2011,0,1,23,False,1,2,0.16,547.0,0.1515,0.64,0.2537,3,21,24,
549,25-01-2011,0,1,0,False,2,2,0.16,548.0,0.1364,0.69,0.2836,3,6,9,
550,25-01-2011,0,1,1,False,2,2,0.16,549.0,0.1667,0.69,0.1642,0,5,5,
551,25-01-2011,0,1,2,False,2,1,0.16,550.0,0.1515,0.69,0.2239,0,2,2,
552,25-01-2011,0,1,4,False,2,1,0.14,551.0,0.1667,0.74,0.1045,0,1,1,
553,25-01-2011,0,1,5,False,2,1,0.14,552.0,0.1364,0.74,0.2239,0,9,9,
554,25-01-2011,0,1,6,False,2,1,0.16,553.0,0.1818,0.74,0.1045,1,35,36,
555,25-01-2011,0,1,7,False,2,1,0.16,554.0,0.1515,0.74,0.2239,5,103,108,
556,25-01-2011,0,1,8,False,2,2,0.16,555.0,0.1818,0.74,0.1343,5,233,238,
557,25-01-2011,0,1,9,False,2,2,0.2,556.0,0.2273,0.64,0.0896,10,134,144,
558,25-01-2011,0,1,10,False,2,2,0.22,557.0,0.2424,0.6,0.1045,6,49,55,
559,25-01-2011,0,1,11,False,2,2,0.24,558.0,0.2424,0.6,0.1343,6,55,61,
560,25-01-2011,0,1,12,False,2,2,0.26,559.0,0.2879,0.56,0.0896,21,85,106,
561,25-01-2011,0,1,13,False,2,2,0.26,560.0,0.2727,0.56,0.1343,21,72,93,
562,25-01-2011,0,1,14,False,2,2,0.3,561.0,0.3333,0.45,0.0,11,57,68,
563,25-01-2011,0,1,15,False,2,2,0.32,562.0,0.3485,0.42,0.0,21,63,84,
564,25-01-2011,0,1,16,False,2,2,0.32,563.0,0.3485,0.42,0.0,14,102,116,
565,25-01-2011,0,1,17,False,2,1,0.3,564.0,0.3333,0.45,0.0,14,208,222,
566,25-01-2011,0,1,18,False,2,2,0.3,565.0,0.3182,0.49,0.0896,7,218,225,
567,25-01-2011,0,1,19,False,2,2,0.26,566.0,0.2576,0.65,0.1642,13,133,146,
568,25-01-2011,0,1,20,False,2,1,0.24,567.0,0.2273,0.65,0.194,16,103,119,
569,25-01-2011,0,1,21,False,2,1,0.24,568.0,0.2273,0.65,0.194,5,40,45,
570,25-01-2011,0,1,22,False,2,1,0.22,569.0,0.2273,0.64,0.1642,4,49,53,
571,25-01-2011,0,1,23,False,2,2,0.22,570.0,0.2273,0.64,0.1642,3,37,40,
572,26-01-2011,0,1,0,False,3,2,0.22,571.0,0.2273,0.69,0.1343,3,14,17,
573,26-01-2011,0,1,1,False,3,2,0.24,572.0,0.2424,0.65,0.1343,0,5,5,
574,26-01-2011,0,1,2,False,3,3,0.22,573.0,0.2273,0.69,0.194,3,7,10,
575,26-01-2011,0,1,5,False,3,3,0.2,574.0,0.1818,0.86,0.2836,0,1,1,
576,26-01-2011,0,1,6,False,3,3,0.2,575.0,0.1818,0.86,0.2836,0,8,8,
577,26-01-2011,0,1,7,False,3,3,0.22,576.0,0.2121,0.87,0.2985,1,29,30,
578,26-01-2011,0,1,8,False,3,3,0.22,577.0,0.2121,0.87,0.2985,3,69,72,
579,26-01-2011,0,1,9,False,3,3,0.22,578.0,0.2121,0.87,0.2985,3,55,58,
580,26-01-2011,0,1,10,False,3,3,0.22,579.0,0.2121,0.93,0.2836,2,26,28,
581,26-01-2011,0,1,11,False,3,3,0.22,580.0,0.197,0.93,0.3284,6,35,41,
582,26-01-2011,0,1,12,False,3,3,0.22,581.0,0.197,0.93,0.3284,7,41,48,
583,26-01-2011,0,1,13,False,3,3,0.22,582.0,0.197,0.93,0.3284,4,43,47,
584,26-01-2011,0,1,14,False,3,3,0.22,583.0,0.197,0.93,0.3582,0,36,36,
585,26-01-2011,0,1,15,False,3,3,0.22,584.0,0.1818,0.93,0.4627,1,42,43,
586,26-01-2011,0,1,16,False,3,4,0.22,585.0,0.197,0.93,0.3284,1,35,36,
587,26-01-2011,0,1,17,False,3,3,0.2,586.0,0.1818,0.93,0.3582,0,26,26,
588,27-01-2011,0,1,16,False,4,1,0.22,587.0,0.2273,0.55,0.194,1,23,24,
589,27-01-2011,0,1,17,False,4,1,0.22,588.0,0.2424,0.55,0.1045,2,82,84,
590,27-01-2011,0,1,18,False,4,1,0.2,589.0,0.2273,0.69,0.0896,3,101,104,
591,27-01-2011,0,1,19,False,4,1,0.2,590.0,0.2273,0.69,0.0896,3,76,79,
592,27-01-2011,0,1,20,False,4,1,0.18,591.0,0.2121,0.74,0.0896,4,55,59,
593,27-01-2011,0,1,21,False,4,1,0.18,592.0,0.2121,0.74,0.0896,2,36,38,
594,27-01-2011,0,1,22,False,4,1,0.18,593.0,0.2121,0.74,0.0896,0,27,27,
595,27-01-2011,0,1,23,False,4,1,0.18,594.0,0.197,0.8,0.1642,0,16,16,
596,28-01-2011,0,1,0,False,5,2,0.2,595.0,0.2121,0.75,0.1343,0,9,9,
597,28-01-2011,0,1,1,False,5,2,0.2,596.0,0.2121,0.75,0.1343,1,2,3,
598,28-01-2011,0,1,2,False,5,2,0.2,597.0,0.2121,0.75,0.1642,0,2,2,
599,28-01-2011,0,1,3,False,5,2,0.2,598.0,0.2273,0.75,0.1045,1,0,1,
600,28-01-2011,0,1,5,False,5,2,0.18,599.0,0.2121,0.8,0.1045,0,4,4,
601,28-01-2011,0,1,6,False,5,2,0.18,600.0,0.197,0.8,0.1343,0,16,16,
602,28-01-2011,0,1,7,False,5,2,0.16,601.0,0.197,0.86,0.0896,2,58,60,
603,28-01-2011,0,1,8,False,5,2,0.16,602.0,0.197,0.86,0.0896,2,155,157,
604,28-01-2011,0,1,9,False,5,3,0.18,603.0,0.2121,0.86,0.0896,6,95,101,
605,28-01-2011,0,1,10,False,5,3,0.18,604.0,0.2121,0.86,0.1045,0,49,49,
606,28-01-2011,0,1,11,False,5,3,0.18,605.0,0.2121,0.93,0.1045,0,30,30,
607,28-01-2011,0,1,12,False,5,3,0.18,606.0,0.2121,0.93,0.1045,1,28,29,
608,28-01-2011,0,1,13,False,5,3,0.18,607.0,0.2121,0.93,0.1045,0,31,31,
609,28-01-2011,0,1,14,False,5,3,0.22,608.0,0.2727,0.8,0.0,2,36,38,
610,28-01-2011,0,1,15,False,5,2,0.2,609.0,0.2576,0.86,0.0,1,40,41,
620,29-01-2011,0,1,1,False,6,1,0.22,,0.2273,0.64,0.194,0,20,20,1.0
621,29-01-2011,0,1,2,False,6,1,0.22,,0.2273,0.64,0.1642,0,15,15,1.0
622,29-01-2011,0,1,3,False,6,1,0.2,,0.2121,0.64,0.1343,3,5,8,1.0
623,29-01-2011,0,1,4,False,6,1,0.16,,0.1818,0.69,0.1045,1,2,3,1.0
624,29-01-2011,0,1,6,False,6,1,0.16,,0.1818,0.64,0.1343,0,2,2,1.0
625,29-01-2011,0,1,7,False,6,1,0.16,,0.1818,0.59,0.1045,1,4,5,1.0
626,29-01-2011,0,1,8,False,6,1,0.18,,0.197,0.55,0.1642,3,31,34,1.0
627,29-01-2011,0,1,9,False,6,1,0.18,,0.2121,0.59,0.0896,0,34,34,1.0
628,29-01-2011,0,1,10,False,6,2,0.18,,0.2121,0.64,0.1045,4,51,55,1.0
629,29-01-2011,0,1,11,False,6,2,0.18,,0.197,0.64,0.1343,4,60,64,1.0
630,29-01-2011,0,1,12,False,6,2,0.2,,0.197,0.59,0.194,12,66,78,1.0
631,29-01-2011,0,1,13,False,6,2,0.22,,0.2273,0.55,0.1642,9,56,65,1.0
632,29-01-2011,0,1,14,False,6,2,0.22,,0.2273,0.6,0.1343,10,89,99,1.0
633,29-01-2011,0,1,15,False,6,1,0.22,,0.2121,0.69,0.2537,22,98,120,1.0
634,29-01-2011,0,1,16,False,6,1,0.24,,0.2424,0.6,0.1642,19,88,107,1.0
635,29-01-2011,0,1,17,False,6,1,0.24,,0.2879,0.6,0.0,9,82,91,1.0
636,29-01-2011,0,1,18,False,6,1,0.22,,0.2273,0.69,0.1343,9,59,68,1.0
637,29-01-2011,0,1,19,False,6,2,0.22,,0.2121,0.69,0.2537,6,52,58,1.0
638,29-01-2011,0,1,20,False,6,1,0.18,,0.2121,0.74,0.0896,1,42,43,1.0
639,29-01-2011,0,1,21,False,6,1,0.18,,0.2121,0.74,0.0896,1,35,36,1.0
640,29-01-2011,0,1,22,False,6,1,0.16,,0.197,0.8,0.0896,4,28,32,1.0
641,29-01-2011,0,1,23,False,6,1,0.16,,0.197,0.8,0.0896,3,30,33,1.0
642,30-01-2011,0,1,0,False,0,1,0.16,,0.1818,0.8,0.1045,0,33,33,1.0
643,30-01-2011,0,1,1,False,0,1,0.14,,0.2121,0.8,0.0,7,22,29,1.0
644,30-01-2011,0,1,2,False,0,1,0.16,,0.2273,0.8,0.0,1,10,11,1.0
645,30-01-2011,0,1,3,False,0,1,0.14,,0.2121,0.93,0.0,1,7,8,1.0
646,30-01-2011,0,1,4,False,0,1,0.14,,0.2121,0.93,0.0,0,1,1,1.0
647,30-01-2011,0,1,5,False,0,1,0.14,,0.2121,0.86,0.0,0,3,3,1.0
648,30-01-2011,0,1,7,False,0,1,0.14,,0.2121,0.86,0.0,0,3,3,1.0
649,30-01-2011,0,1,8,False,0,2,0.14,,0.2121,0.86,0.0,1,11,12,1.0
650,30-01-2011,0,1,9,False,0,2,0.16,,0.2273,0.8,0.0,4,34,38,1.0
651,30-01-2011,0,1,10,False,0,2,0.18,,0.2424,0.8,0.0,7,57,64,1.0
652,30-01-2011,0,1,11,False,0,1,0.22,,0.2727,0.75,0.0,9,50,59,1.0
653,30-01-2011,0,1,12,False,0,1,0.3,,0.3182,0.52,0.1045,10,87,97,1.0
654,30-01-2011,0,1,13,False,0,1,0.28,,0.2879,0.61,0.1045,13,71,84,1.0
655,30-01-2011,0,1,14,False,0,1,0.28,,0.303,0.61,0.0896,18,104,122,1.0
656,30-01-2011,0,1,15,False,0,1,0.3,,0.3333,0.56,0.0,14,95,109,1.0
657,30-01-2011,0,1,16,False,0,1,0.3,,0.3333,0.56,0.0,19,104,123,1.0
658,30-01-2011,0,1,17,False,0,1,0.3,,0.2879,0.56,0.194,6,71,77,1.0
659,30-01-2011,0,1,18,False,0,1,0.26,,0.2576,0.65,0.1642,8,57,65,1.0
660,30-01-2011,0,1,19,False,0,1,0.26,,0.2576,0.65,0.194,9,46,55,1.0
661,30-01-2011,0,1,20,False,0,2,0.26,,0.2727,0.65,0.1045,3,30,33,1.0
662,30-01-2011,0,1,21,False,0,2,0.24,,0.2424,0.7,0.1642,3,25,28,1.0
663,30-01-2011,0,1,22,False,0,2,0.24,,0.2273,0.7,0.194,2,19,21,1.0
664,30-01-2011,0,1,23,False,0,2,0.24,,0.2121,0.65,0.2836,5,16,21,1.0
665,31-01-2011,0,1,0,False,1,2,0.24,,0.2273,0.65,0.2239,1,6,7,1.0
666,31-01-2011,0,1,1,False,1,1,0.22,,0.2121,0.64,0.2537,2,5,7,1.0
667,31-01-2011,0,1,2,False,1,1,0.22,,0.2273,0.64,0.194,0,1,1,1.0
668,31-01-2011,0,1,3,False,1,1,0.22,,0.2273,0.64,0.194,0,2,2,1.0
669,31-01-2011,0,1,4,False,1,1,0.2,,0.197,0.59,0.2239,0,2,2,1.0
670,31-01-2011,0,1,5,False,1,1,0.18,,0.1667,0.64,0.2836,0,8,8,1.0
671,31-01-2011,0,1,6,False,1,1,0.16,,0.1364,0.69,0.3284,0,37,37,1.0
672,31-01-2011,0,1,7,False,1,2,0.16,,0.1364,0.64,0.2836,1,71,72,1.0
673,31-01-2011,0,1,8,False,1,2,0.16,,0.1364,0.59,0.2836,3,182,185,1.0
674,31-01-2011,0,1,9,False,1,2,0.16,,0.1364,0.59,0.2985,0,112,112,1.0
675,31-01-2011,0,1,10,False,1,2,0.16,,0.1515,0.59,0.194,1,68,69,1.0
676,31-01-2011,0,1,11,False,1,2,0.16,,0.1515,0.59,0.194,2,46,48,1.0
677,31-01-2011,0,1,12,False,1,2,0.18,,0.2121,0.55,0.1045,6,62,68,1.0
678,31-01-2011,0,1,13,False,1,2,0.16,,0.2273,0.59,0.0,2,52,54,1.0
679,31-01-2011,0,1,14,False,1,2,0.18,,0.197,0.55,0.1343,1,85,86,1.0
680,31-01-2011,0,1,15,False,1,2,0.16,,0.1818,0.59,0.1343,3,41,44,1.0
681,31-01-2011,0,1,16,False,1,2,0.16,,0.1818,0.56,0.194,3,83,86,1.0
682,31-01-2011,0,1,17,False,1,2,0.16,,0.1515,0.59,0.194,6,155,161,1.0
683,31-01-2011,0,1,18,False,1,2,0.16,,0.1515,0.55,0.2239,3,153,156,1.0
684,31-01-2011,0,1,19,False,1,1,0.3,,0.3182,0.61,0.1045,3,108,111,1.0
685,31-01-2011,0,1,20,False,1,3,0.16,,0.1667,0.59,0.1642,0,78,78,1.0
686,31-01-2011,0,1,21,False,1,3,0.16,,0.197,0.59,0.0896,3,53,56,1.0
687,31-01-2011,0,1,22,False,1,2,0.16,,0.1818,0.59,0.1045,0,34,34,1.0
688,31-01-2011,0,1,23,False,1,2,0.16,,0.197,0.64,0.0896,2,15,17,1.0
689,01-02-2011,0,2,0,False,2,2,0.16,,0.1818,0.64,0.1045,2,6,8,1.0
690,01-02-2011,0,2,1,False,2,2,0.16,,0.1818,0.69,0.1045,0,3,3,1.0
691,01-02-2011,0,2,2,False,2,2,0.16,,0.2273,0.69,0.0,0,2,2,1.0
692,01-02-2011,0,2,3,False,2,2,0.16,,0.2273,0.69,0.0,0,2,2,1.0
693,01-02-2011,0,2,5,False,2,3,0.14,,0.2121,0.93,0.0,0,3,3,1.0
694,01-02-2011,0,2,6,False,2,3,0.14,,0.2121,0.93,0.0,0,22,22,1.0
695,01-02-2011,0,2,7,False,2,3,0.16,,0.2273,0.93,0.0,0,52,52,1.0
696,01-02-2011,0,2,8,False,2,3,0.16,,0.2273,0.93,0.0,3,132,135,1.0
697,01-02-2011,0,2,9,False,2,2,0.16,,0.2273,0.93,0.0,2,114,116,1.0
698,01-02-2011,0,2,10,False,2,2,0.16,,0.2273,0.93,0.0,0,47,47,1.0
699,01-02-2011,0,2,11,False,2,2,0.18,,0.2424,0.86,0.0,2,49,51,1.0
700,01-02-2011,0,2,12,False,2,2,0.2,,0.2576,0.86,0.0,2,53,55,1.0
701,01-02-2011,0,2,13,False,2,2,0.2,,0.2576,0.86,0.0,3,49,52,1.0
702,01-02-2011,0,2,14,False,2,2,0.22,,0.2576,0.8,0.0896,5,49,54,1.0
703,01-02-2011,0,2,15,False,2,2,0.24,,0.2879,0.75,0.0,7,45,52,1.0
704,01-02-2011,0,2,16,False,2,2,0.24,,0.2424,0.75,0.1343,3,61,64,1.0
705,01-02-2011,0,2,17,False,2,2,0.24,,0.2879,0.75,0.0,4,172,176,1.0
706,01-02-2011,0,2,18,False,2,2,0.24,,0.2576,0.81,0.1045,3,165,168,1.0
707,01-02-2011,0,2,19,False,2,2,0.24,,0.2424,0.81,0.1343,3,105,108,1.0
708,01-02-2011,0,2,20,False,2,2,0.22,,0.2273,0.87,0.1343,5,69,74,1.0
709,01-02-2011,0,2,21,False,2,2,0.22,,0.2273,0.87,0.1343,0,64,64,1.0
710,01-02-2011,0,2,22,False,2,2,0.22,,0.2576,0.87,0.0896,2,34,36,1.0
711,01-02-2011,0,2,23,False,2,3,0.2,,0.197,0.93,0.194,1,15,16,1.0
712,02-02-2011,0,2,0,False,3,3,0.22,,0.2424,0.93,0.1045,0,2,2,1.0
713,02-02-2011,0,2,1,False,3,3,0.22,,0.2273,0.93,0.194,0,3,3,1.0
714,02-02-2011,0,2,2,False,3,3,0.22,,0.2273,0.93,0.1343,4,0,4,1.0
715,02-02-2011,0,2,3,False,3,3,0.22,,0.2273,0.93,0.1343,0,1,1,1.0
716,02-02-2011,0,2,4,False,3,3,0.22,,0.2121,0.93,0.2836,0,1,1,1.0
717,02-02-2011,0,2,5,False,3,3,0.22,,0.2424,0.93,0.1045,0,3,3,1.0
718,02-02-2011,0,2,6,False,3,3,0.22,,0.2424,0.93,0.1045,1,17,18,1.0
719,02-02-2011,0,2,7,False,3,3,0.22,,0.2121,0.93,0.2239,1,48,49,1.0
720,02-02-2011,0,2,8,False,3,3,0.22,,0.2121,0.93,0.2239,1,154,155,1.0
721,02-02-2011,0,2,9,False,3,2,0.24,,0.2576,0.93,0.0896,4,119,123,1.0
722,02-02-2011,0,2,10,False,3,2,0.22,,0.2727,1.0,0.0,2,59,61,1.0
723,02-02-2011,0,2,11,False,3,2,0.24,,0.2273,0.93,0.194,5,47,52,1.0
724,02-02-2011,0,2,12,False,3,2,0.24,,0.2273,0.93,0.2239,3,61,64,1.0
725,02-02-2011,0,2,13,False,3,1,0.34,,0.3333,0.93,0.1642,1,74,75,1.0
726,02-02-2011,0,2,14,False,3,1,0.38,,0.3939,0.82,0.3881,2,61,63,1.0
727,02-02-2011,0,2,15,False,3,1,0.38,,0.3939,0.76,0.3284,10,66,76,1.0
728,02-02-2011,0,2,16,False,3,1,0.36,,0.3333,0.71,0.2985,8,95,103,1.0
729,02-02-2011,0,2,17,False,3,1,0.36,,0.3182,0.53,0.5224,7,183,190,1.0
730,02-02-2011,0,2,18,False,3,1,0.34,,0.2879,0.42,0.5522,7,175,182,1.0
731,02-02-2011,0,2,19,False,3,1,0.28,,0.2424,0.45,0.4925,3,88,91,1.0
732,02-02-2011,0,2,20,False,3,1,0.24,,0.197,0.48,0.5522,4,71,75,1.0
733,02-02-2011,0,2,21,False,3,1,0.22,,0.197,0.47,0.3284,1,62,63,1.0
734,02-02-2011,0,2,22,False,3,1,0.22,,0.2121,0.44,0.2537,5,35,40,1.0
735,02-02-2011,0,2,23,False,3,1,0.2,,0.1667,0.44,0.4478,3,29,32,1.0
736,03-02-2011,0,2,0,False,4,1,0.2,,0.1667,0.4,0.4478,1,11,12,1.0
737,03-02-2011,0,2,1,False,4,1,0.2,,0.1515,0.44,0.5224,0,5,5,1.0
738,03-02-2011,0,2,2,False,4,1,0.18,,0.1667,0.43,0.2537,0,2,2,1.0
739,03-02-2011,0,2,3,False,4,1,0.18,,0.1667,0.43,0.2537,0,1,1,1.0
740,03-02-2011,0,2,5,False,4,1,0.16,,0.1364,0.5,0.2985,0,2,2,1.0
741,03-02-2011,0,2,6,False,4,1,0.16,,0.1364,0.43,0.3582,0,39,39,1.0
742,03-02-2011,0,2,7,False,4,1,0.14,,0.1212,0.5,0.3284,1,86,87,1.0
743,03-02-2011,0,2,8,False,4,1,0.14,,0.1212,0.5,0.3582,4,184,188,1.0
744,03-02-2011,0,2,9,False,4,1,0.16,,0.1364,0.47,0.2985,6,127,133,1.0
745,03-02-2011,0,2,10,False,4,1,0.18,,0.1515,0.43,0.3284,2,50,52,1.0
746,03-02-2011,0,2,11,False,4,1,0.18,,0.1364,0.43,0.4478,9,55,64,1.0
747,03-02-2011,0,2,12,False,4,1,0.2,,0.1818,0.4,0.3582,2,67,69,1.0
748,03-02-2011,0,2,13,False,4,1,0.2,,0.1667,0.4,0.4179,4,47,51,1.0
749,03-02-2011,0,2,14,False,4,1,0.22,,0.197,0.37,0.3881,4,43,47,1.0
750,03-02-2011,0,2,15,False,4,1,0.22,,0.197,0.37,0.3284,4,56,60,1.0
751,03-02-2011,0,2,16,False,4,1,0.22,,0.2121,0.37,0.2537,5,73,78,1.0
752,03-02-2011,0,2,17,False,4,1,0.2,,0.197,0.4,0.194,5,170,175,1.0
753,03-02-2011,0,2,18,False,4,1,0.2,,0.2121,0.4,0.1642,2,145,147,1.0
754,03-02-2011,0,2,19,False,4,1,0.2,,0.2576,0.4,0.0,4,92,96,1.0
755,03-02-2011,0,2,20,False,4,1,0.2,,0.2273,0.47,0.0896,1,108,109,1.0
756,03-02-2011,0,2,21,False,4,1,0.18,,0.2121,0.55,0.1045,1,53,54,1.0
757,03-02-2011,0,2,22,False,4,1,0.18,,0.2121,0.51,0.0896,2,39,41,1.0
758,03-02-2011,0,2,23,False,4,1,0.2,,0.2273,0.47,0.1045,4,34,38,1.0
759,04-02-2011,0,2,0,False,5,2,0.2,,0.2576,0.44,0.0,3,10,13,1.0
760,04-02-2011,0,2,1,False,5,2,0.16,,0.2273,0.59,0.0,0,7,7,1.0
761,04-02-2011,0,2,2,False,5,2,0.14,,0.1667,0.63,0.1045,0,1,1,1.0
762,04-02-2011,0,2,3,False,5,2,0.14,,0.1667,0.63,0.1045,0,1,1,1.0
763,04-02-2011,0,2,5,False,5,2,0.14,,0.1515,0.63,0.1343,0,7,7,1.0
764,04-02-2011,0,2,6,False,5,2,0.16,,0.2273,0.55,0.0,2,26,28,1.0
765,04-02-2011,0,2,7,False,5,1,0.14,,0.2121,0.59,0.0,0,87,87,1.0
766,04-02-2011,0,2,8,False,5,1,0.14,,0.1515,0.74,0.1343,3,217,220,1.0
767,04-02-2011,0,2,9,False,5,2,0.16,,0.1818,0.8,0.1343,3,124,127,1.0
768,04-02-2011,0,2,10,False,5,2,0.2,,0.2121,0.51,0.1343,5,46,51,1.0
769,04-02-2011,0,2,11,False,5,1,0.22,,0.2273,0.51,0.1642,3,61,64,1.0
770,04-02-2011,0,2,12,False,5,2,0.24,,0.2424,0.48,0.1642,8,78,86,1.0
771,04-02-2011,0,2,13,False,5,2,0.26,,0.2576,0.5,0.2239,9,73,82,1.0
772,04-02-2011,0,2,14,False,5,2,0.28,,0.2727,0.45,0.1642,15,76,91,1.0
773,04-02-2011,0,2,15,False,5,2,0.28,,0.2727,0.48,0.2537,9,81,90,1.0
774,04-02-2011,0,2,16,False,5,2,0.3,,0.2879,0.42,0.2239,8,91,99,1.0
775,04-02-2011,0,2,17,False,5,2,0.26,,0.2727,0.56,0.1343,10,195,205,1.0
776,04-02-2011,0,2,18,False,5,2,0.24,,0.2576,0.6,0.1045,3,152,155,1.0
777,04-02-2011,0,2,19,False,5,2,0.24,,0.2424,0.65,0.1343,1,102,103,1.0
778,04-02-2011,0,2,20,False,5,2,0.24,,0.2424,0.65,0.1642,2,69,71,1.0
779,04-02-2011,0,2,21,False,5,2,0.24,,0.2424,0.7,0.1642,2,41,43,1.0
780,04-02-2011,0,2,22,False,5,2,0.24,,0.2424,0.65,0.1642,1,45,46,1.0
781,04-02-2011,0,2,23,False,5,2,0.24,,0.2424,0.7,0.1343,1,30,31,1.0
782,05-02-2011,0,2,0,False,6,2,0.24,,0.2424,0.7,0.1642,3,36,39,1.0
783,05-02-2011,0,2,1,False,6,2,0.24,,0.2424,0.65,0.1642,1,17,18,1.0
784,05-02-2011,0,2,2,False,6,2,0.24,,0.2424,0.75,0.1642,5,12,17,1.0
785,05-02-2011,0,2,3,False,6,2,0.24,,0.2424,0.75,0.1642,1,10,11,1.0
786,05-02-2011,0,2,4,False,6,3,0.22,,0.2273,0.93,0.1343,0,8,8,1.0
787,05-02-2011,0,2,5,False,6,3,0.2,,0.2273,1.0,0.0896,0,9,9,1.0
788,05-02-2011,0,2,6,False,6,3,0.2,,0.2576,1.0,0.0,0,4,4,1.0
789,05-02-2011,0,2,7,False,6,3,0.22,,0.2576,0.93,0.0896,0,4,4,1.0
790,05-02-2011,0,2,8,False,6,3,0.2,,0.2273,1.0,0.0896,0,10,10,1.0
791,05-02-2011,0,2,9,False,6,3,0.2,,0.2273,1.0,0.0896,3,17,20,1.0
792,05-02-2011,0,2,10,False,6,3,0.2,,0.2121,1.0,0.1343,3,31,34,1.0
793,05-02-2011,0,2,11,False,6,3,0.22,,0.2273,1.0,0.1343,1,46,47,1.0
794,05-02-2011,0,2,12,False,6,3,0.22,,0.2273,1.0,0.1642,10,42,52,1.0
795,05-02-2011,0,2,13,False,6,3,0.22,,0.2273,1.0,0.1642,10,62,72,1.0
796,05-02-2011,0,2,14,False,6,3,0.22,,0.2727,1.0,0.0,5,50,55,1.0
797,05-02-2011,0,2,15,False,6,3,0.22,,0.2727,1.0,0.0,11,49,60,1.0
798,05-02-2011,0,2,16,False,6,3,0.22,,0.2273,1.0,0.1343,8,63,71,1.0
799,05-02-2011,0,2,17,False,6,2,0.24,,0.2121,1.0,0.2836,14,64,78,1.0
800,05-02-2011,0,2,18,False,6,2,0.28,,0.2424,0.93,0.4478,2,81,83,1.0
801,05-02-2011,0,2,19,False,6,2,0.28,,0.2424,0.93,0.4478,6,78,84,1.0
802,05-02-2011,0,2,20,False,6,1,0.3,,0.2879,0.87,0.2537,5,64,69,1.0
803,05-02-2011,0,2,21,False,6,1,0.26,,0.2576,1.0,0.194,3,53,56,1.0
804,05-02-2011,0,2,22,False,6,1,0.26,,0.2727,0.93,0.1343,2,43,45,1.0
805,05-02-2011,0,2,23,False,6,1,0.26,,0.2576,0.93,0.2239,7,52,59,1.0
806,06-02-2011,0,2,0,False,0,1,0.26,,0.2576,0.7,0.194,2,37,39,1.0
807,06-02-2011,0,2,1,False,0,1,0.26,,0.2273,0.65,0.4179,4,40,44,1.0
808,06-02-2011,0,2,2,False,0,1,0.26,,0.2273,0.6,0.3284,0,20,20,1.0
809,06-02-2011,0,2,3,False,0,1,0.26,,0.2879,0.6,0.0896,3,10,13,1.0
810,06-02-2011,0,2,4,False,0,1,0.26,,0.2273,0.6,0.3582,0,2,2,1.0
811,06-02-2011,0,2,5,False,0,1,0.26,,0.2576,0.6,0.2239,0,1,1,1.0
812,06-02-2011,0,2,6,False,0,1,0.26,,0.2576,0.6,0.2239,0,1,1,1.0
813,06-02-2011,0,2,7,False,0,1,0.24,,0.2424,0.65,0.1642,0,8,8,1.0
814,06-02-2011,0,2,8,False,0,1,0.24,,0.2576,0.65,0.1045,2,21,23,1.0
815,06-02-2011,0,2,9,False,0,1,0.28,,0.2879,0.56,0.1045,7,38,45,1.0
816,06-02-2011,0,2,10,False,0,1,0.3,,0.2879,0.52,0.2537,15,74,89,1.0
817,06-02-2011,0,2,11,False,0,1,0.32,,0.303,0.49,0.2537,28,89,117,1.0
818,06-02-2011,0,2,12,False,0,1,0.34,,0.3333,0.46,0.0,48,126,174,1.0
819,06-02-2011,0,2,13,False,0,1,0.34,,0.3636,0.46,0.0,47,135,182,1.0
820,06-02-2011,0,2,14,False,0,1,0.34,,0.3485,0.46,0.0896,47,114,161,1.0
821,06-02-2011,0,2,15,False,0,1,0.34,,0.3485,0.46,0.0896,52,130,182,1.0
822,06-02-2011,0,2,16,False,0,1,0.34,,0.3485,0.49,0.1045,42,115,157,1.0
823,06-02-2011,0,2,17,False,0,1,0.34,,0.3636,0.46,0.0,24,97,121,1.0
824,06-02-2011,0,2,18,False,0,1,0.3,,0.303,0.56,0.1642,13,65,78,1.0
825,06-02-2011,0,2,19,False,0,1,0.28,,0.2879,0.61,0.1343,1,20,21,1.0
826,06-02-2011,0,2,20,False,0,1,0.28,,0.2879,0.61,0.1045,5,21,26,1.0
827,06-02-2011,0,2,21,False,0,1,0.26,,0.303,0.6,0.0,5,22,27,1.0
828,06-02-2011,0,2,22,False,0,1,0.26,,0.303,0.6,0.0,5,57,62,1.0
829,06-02-2011,0,2,23,False,0,1,0.24,,0.2879,0.65,0.0,4,26,30,1.0
830,07-02-2011,0,2,0,False,1,1,0.24,,0.2879,0.65,0.0,1,14,15,1.0
831,07-02-2011,0,2,1,False,1,1,0.22,,0.2727,0.75,0.0,1,4,5,1.0
832,07-02-2011,0,2,2,False,1,1,0.2,,0.2576,0.8,0.0,0,3,3,1.0
833,07-02-2011,0,2,3,False,1,1,0.2,,0.2576,0.86,0.0,0,1,1,1.0
834,07-02-2011,0,2,4,False,1,1,0.2,,0.2576,0.86,0.0,1,1,2,1.0
835,07-02-2011,0,2,5,False,1,1,0.2,,0.2576,0.86,0.0,1,9,10,1.0
836,07-02-2011,0,2,6,False,1,1,0.18,,0.2424,0.93,0.0,1,29,30,1.0
837,07-02-2011,0,2,7,False,1,1,0.18,,0.2424,0.86,0.0,6,89,95,1.0
838,07-02-2011,0,2,8,False,1,2,0.16,,0.2273,1.0,0.0,7,223,230,1.0
839,07-02-2011,0,2,9,False,1,1,0.22,,0.2727,0.8,0.0,3,115,118,1.0
840,07-02-2011,0,2,10,False,1,1,0.24,,0.2576,0.75,0.1045,6,49,55,1.0
841,07-02-2011,0,2,11,False,1,1,0.3,,0.3182,0.65,0.0896,11,36,47,1.0
842,07-02-2011,0,2,12,False,1,2,0.32,,0.3485,0.62,0.0,7,59,66,1.0
843,07-02-2011,0,2,13,False,1,2,0.36,,0.3636,0.57,0.0896,10,54,64,1.0
844,07-02-2011,0,2,14,False,1,2,0.36,,0.3636,0.57,0.0896,8,52,60,1.0
845,07-02-2011,0,2,15,False,1,2,0.38,,0.3939,0.54,0.0896,4,46,50,1.0
846,07-02-2011,0,2,16,False,1,2,0.36,,0.3485,0.57,0.1343,16,98,114,1.0
847,07-02-2011,0,2,17,False,1,2,0.32,,0.3182,0.7,0.1642,9,207,216,1.0
848,07-02-2011,0,2,18,False,1,2,0.34,,0.3333,0.66,0.1343,5,170,175,1.0
849,07-02-2011,0,2,19,False,1,2,0.32,,0.3485,0.7,0.0,5,123,128,1.0
850,07-02-2011,0,2,20,False,1,2,0.32,,0.3333,0.7,0.1045,6,82,88,1.0
851,07-02-2011,0,2,21,False,1,1,0.32,,0.3485,0.7,0.0,3,75,78,1.0
852,07-02-2011,0,2,22,False,1,1,0.28,,0.303,0.81,0.0896,3,34,37,1.0
853,07-02-2011,0,2,23,False,1,2,0.3,,0.3333,0.81,0.0,6,19,25,1.0
854,08-02-2011,0,2,0,False,2,2,0.28,,0.3182,0.87,0.0,4,6,10,1.0
855,08-02-2011,0,2,1,False,2,2,0.28,,0.3182,0.87,0.0,0,4,4,1.0
856,08-02-2011,0,2,2,False,2,2,0.26,,0.2727,0.93,0.1045,1,1,2,1.0
857,08-02-2011,0,2,3,False,2,3,0.28,,0.2727,0.93,0.1642,0,1,1,1.0
858,08-02-2011,0,2,4,False,2,1,0.26,,0.2576,0.93,0.1642,0,3,3,1.0
859,08-02-2011,0,2,5,False,2,1,0.26,,0.2273,0.81,0.3284,0,2,2,1.0
860,08-02-2011,0,2,6,False,2,1,0.26,,0.2273,0.7,0.3284,0,39,39,1.0
861,08-02-2011,0,2,7,False,2,1,0.24,,0.197,0.65,0.4179,3,97,100,1.0
862,08-02-2011,0,2,8,False,2,1,0.24,,0.197,0.56,0.4925,7,236,243,1.0
863,08-02-2011,0,2,9,False,2,1,0.24,,0.197,0.52,0.4925,7,128,135,1.0
864,08-02-2011,0,2,10,False,2,1,0.22,,0.1818,0.47,0.5522,4,44,48,1.0
865,08-02-2011,0,2,11,False,2,1,0.22,,0.1818,0.47,0.4627,1,49,50,1.0
866,08-02-2011,0,2,12,False,2,1,0.24,,0.197,0.38,0.4925,2,63,65,1.0
867,08-02-2011,0,2,13,False,2,2,0.24,,0.197,0.32,0.4478,2,48,50,1.0
868,08-02-2011,0,2,14,False,2,1,0.22,,0.197,0.37,0.4179,3,61,64,1.0
869,08-02-2011,0,2,15,False,2,1,0.22,,0.197,0.35,0.3881,6,45,51,1.0
870,08-02-2011,0,2,16,False,2,1,0.22,,0.1818,0.35,0.5224,4,79,83,1.0
871,08-02-2011,0,2,17,False,2,1,0.22,,0.1818,0.32,0.5821,4,172,176,1.0
872,08-02-2011,0,2,18,False,2,1,0.2,,0.1818,0.32,0.3881,1,151,152,1.0
873,08-02-2011,0,2,19,False,2,1,0.16,,0.1212,0.4,0.4627,1,100,101,1.0
874,08-02-2011,0,2,20,False,2,1,0.16,,0.1364,0.4,0.3284,3,53,56,1.0
875,08-02-2011,0,2,21,False,2,1,0.14,,0.1061,0.33,0.4627,8,46,54,1.0
876,08-02-2011,0,2,22,False,2,1,0.12,,0.1061,0.33,0.3582,0,29,29,1.0
877,08-02-2011,0,2,23,False,2,1,0.12,,0.1061,0.33,0.3284,3,9,12,1.0
878,09-02-2011,0,2,0,False,3,1,0.1,,0.0758,0.36,0.3582,0,17,17,1.0
879,09-02-2011,0,2,1,False,3,1,0.1,,0.1061,0.36,0.2239,0,7,7,1.0
880,09-02-2011,0,2,2,False,3,1,0.08,,0.0758,0.38,0.2836,1,2,3,1.0
881,09-02-2011,0,2,3,False,3,1,0.06,,0.0758,0.45,0.1343,0,2,2,1.0
882,09-02-2011,0,2,5,False,3,1,0.06,,0.1061,0.45,0.1045,0,7,7,1.0
883,09-02-2011,0,2,6,False,3,1,0.06,,0.1515,0.45,0.0,0,43,43,1.0
884,09-02-2011,0,2,7,False,3,1,0.06,,0.1061,0.49,0.1045,4,95,99,1.0
885,09-02-2011,0,2,8,False,3,1,0.1,,0.1364,0.42,0.0,1,198,199,1.0
886,09-02-2011,0,2,9,False,3,1,0.12,,0.1364,0.39,0.1642,4,119,123,1.0
887,09-02-2011,0,2,10,False,3,1,0.14,,0.1818,0.36,0.0,8,51,59,1.0
888,09-02-2011,0,2,11,False,3,2,0.14,,0.1515,0.43,0.1642,1,40,41,1.0
889,09-02-2011,0,2,12,False,3,2,0.18,,0.1818,0.4,0.2239,4,57,61,1.0
890,09-02-2011,0,2,13,False,3,1,0.18,,0.1667,0.4,0.2537,2,67,69,1.0
891,09-02-2011,0,2,14,False,3,1,0.2,,0.1818,0.34,0.2985,2,56,58,1.0
892,09-02-2011,0,2,15,False,3,2,0.2,,0.1818,0.34,0.2836,3,61,64,1.0
893,09-02-2011,0,2,16,False,3,2,0.2,,0.197,0.37,0.2537,7,72,79,1.0
894,09-02-2011,0,2,17,False,3,2,0.2,,0.197,0.34,0.2537,9,157,166,1.0
895,09-02-2011,0,2,18,False,3,2,0.18,,0.1667,0.47,0.2985,2,168,170,1.0
896,09-02-2011,0,2,19,False,3,3,0.14,,0.1212,0.86,0.2537,1,87,88,1.0
897,09-02-2011,0,2,20,False,3,3,0.14,,0.1515,0.86,0.1642,0,84,84,1.0
898,09-02-2011,0,2,21,False,3,2,0.14,,0.1515,0.86,0.1642,0,83,83,1.0
899,09-02-2011,0,2,22,False,3,3,0.16,,0.1667,0.8,0.1642,4,42,46,1.0
900,09-02-2011,0,2,23,False,3,3,0.16,,0.1515,0.8,0.194,0,37,37,1.0
901,10-02-2011,0,2,0,False,4,3,0.14,,0.1364,0.86,0.194,0,16,16,1.0
902,10-02-2011,0,2,1,False,4,3,0.14,,0.1515,0.8,0.1343,0,7,7,1.0
903,10-02-2011,0,2,2,False,4,3,0.14,,0.1515,0.8,0.1343,0,3,3,1.0
904,10-02-2011,0,2,4,False,4,2,0.14,,0.1364,0.59,0.2239,0,1,1,1.0
905,10-02-2011,0,2,5,False,4,2,0.12,,0.1212,0.5,0.2239,0,6,6,1.0
906,10-02-2011,0,2,6,False,4,2,0.12,,0.1212,0.54,0.2836,0,26,26,1.0
907,10-02-2011,0,2,7,False,4,1,0.1,,0.0758,0.5,0.4179,0,99,99,1.0
908,10-02-2011,0,2,8,False,4,1,0.1,,0.0758,0.49,0.3284,5,173,178,1.0
909,10-02-2011,0,2,9,False,4,1,0.12,,0.1061,0.42,0.3582,1,121,122,1.0
910,10-02-2011,0,2,10,False,4,1,0.12,,0.1061,0.42,0.2985,1,34,35,1.0
911,10-02-2011,0,2,11,False,4,1,0.14,,0.1212,0.39,0.3582,1,44,45,1.0
912,10-02-2011,0,2,12,False,4,1,0.16,,0.1364,0.34,0.3881,4,65,69,1.0
913,10-02-2011,0,2,13,False,4,1,0.18,,0.1667,0.29,0.2985,3,59,62,1.0
914,10-02-2011,0,2,14,False,4,1,0.2,,0.1818,0.27,0.2836,6,42,48,1.0
915,10-02-2011,0,2,15,False,4,1,0.2,,0.197,0.25,0.2537,0,50,50,1.0
916,10-02-2011,0,2,16,False,4,1,0.2,,0.1818,0.27,0.2985,4,76,80,1.0
917,10-02-2011,0,2,17,False,4,1,0.18,,0.1818,0.26,0.194,6,159,165,1.0
918,10-02-2011,0,2,18,False,4,1,0.16,,0.1818,0.28,0.1343,3,157,160,1.0
919,10-02-2011,0,2,19,False,4,1,0.14,,0.1667,0.28,0.1045,2,110,112,1.0
920,10-02-2011,0,2,20,False,4,1,0.14,,0.1818,0.31,0.0896,4,93,97,1.0
921,10-02-2011,0,2,21,False,4,1,0.14,,0.2121,0.39,0.0,2,70,72,1.0
922,10-02-2011,0,2,22,False,4,1,0.12,,0.197,0.39,0.0,4,47,51,1.0
923,10-02-2011,0,2,23,False,4,1,0.12,,0.1515,0.42,0.1045,1,33,34,1.0
924,11-02-2011,0,2,0,False,5,1,0.1,,0.1364,0.49,0.1045,2,12,14,1.0
925,11-02-2011,0,2,1,False,5,1,0.1,,0.1364,0.54,0.0896,1,6,7,1.0
926,11-02-2011,0,2,2,False,5,1,0.1,,0.1364,0.54,0.0896,0,3,3,1.0
927,11-02-2011,0,2,5,False,5,1,0.08,,0.1212,0.63,0.0896,0,4,4,1.0
928,11-02-2011,0,2,6,False,5,1,0.1,,0.1818,0.68,0.0,1,23,24,1.0
929,11-02-2011,0,2,7,False,5,1,0.08,,0.1667,0.73,0.0,1,73,74,1.0
930,11-02-2011,0,2,8,False,5,1,0.1,,0.1212,0.74,0.1642,4,212,216,1.0
931,11-02-2011,0,2,9,False,5,1,0.12,,0.1212,0.74,0.2239,8,132,140,1.0
932,11-02-2011,0,2,10,False,5,1,0.14,,0.1364,0.69,0.194,5,39,44,1.0
933,11-02-2011,0,2,11,False,5,1,0.22,,0.2273,0.47,0.1343,12,52,64,1.0
934,11-02-2011,0,2,12,False,5,1,0.22,,0.2273,0.47,0.1343,7,64,71,1.0
935,11-02-2011,0,2,13,False,5,1,0.24,,0.2273,0.35,0.194,21,89,110,1.0
936,11-02-2011,0,2,14,False,5,1,0.3,,0.2879,0.26,0.2537,17,67,84,1.0
937,11-02-2011,0,2,15,False,5,1,0.32,,0.3182,0.21,0.1642,12,62,74,1.0
938,11-02-2011,0,2,16,False,5,1,0.3,,0.2879,0.28,0.194,14,111,125,1.0
939,11-02-2011,0,2,17,False,5,1,0.3,,0.3333,0.24,0.0,18,193,211,1.0
940,11-02-2011,0,2,18,False,5,1,0.28,,0.3182,0.28,0.0,9,165,174,1.0
941,11-02-2011,0,2,19,False,5,1,0.26,,0.303,0.33,0.0,7,94,101,1.0
942,11-02-2011,0,2,20,False,5,1,0.22,,0.2273,0.55,0.1343,2,61,63,1.0
943,11-02-2011,0,2,21,False,5,1,0.2,,0.2121,0.59,0.1343,1,46,47,1.0
944,11-02-2011,0,2,22,False,5,1,0.2,,0.2273,0.64,0.0896,2,41,43,1.0
945,11-02-2011,0,2,23,False,5,1,0.18,,0.2424,0.69,0.0,5,48,53,1.0
946,12-02-2011,0,2,0,False,6,1,0.16,,0.197,0.69,0.0896,3,27,30,1.0
947,12-02-2011,0,2,1,False,6,1,0.14,,0.2121,0.86,0.0,2,22,24,1.0
948,12-02-2011,0,2,2,False,6,1,0.14,,0.2121,0.8,0.0,2,13,15,1.0
949,12-02-2011,0,2,3,False,6,1,0.12,,0.197,0.8,0.0,3,7,10,1.0
950,12-02-2011,0,2,4,False,6,1,0.12,,0.1667,0.74,0.0896,0,4,4,1.0
951,12-02-2011,0,2,5,False,6,1,0.12,,0.1667,0.74,0.0896,0,1,1,1.0
952,12-02-2011,0,2,6,False,6,1,0.12,,0.1364,0.93,0.194,1,1,2,1.0
953,12-02-2011,0,2,7,False,6,1,0.12,,0.1515,0.8,0.1045,2,9,11,1.0
954,12-02-2011,0,2,8,False,6,1,0.14,,0.1515,0.86,0.1343,2,28,30,1.0
955,12-02-2011,0,2,9,False,6,1,0.16,,0.1818,0.64,0.1343,5,38,43,1.0
956,12-02-2011,0,2,10,False,6,1,0.22,,0.2121,0.41,0.2537,13,71,84,1.0
957,12-02-2011,0,2,11,False,6,1,0.3,,0.2727,0.28,0.3284,30,84,114,1.0
958,12-02-2011,0,2,12,False,6,1,0.3,,0.2727,0.39,0.4627,27,93,120,1.0
959,12-02-2011,0,2,13,False,6,1,0.3,,0.2727,0.39,0.4179,32,103,135,1.0
960,12-02-2011,0,2,14,False,6,1,0.34,,0.3182,0.31,0.2836,30,90,120,1.0
961,12-02-2011,0,2,15,False,6,1,0.34,,0.303,0.29,0.4179,47,127,174,1.0
962,12-02-2011,0,2,16,False,6,1,0.34,,0.303,0.29,0.4179,42,103,145,1.0
963,12-02-2011,0,2,17,False,6,1,0.32,,0.2879,0.31,0.5224,24,113,137,1.0
964,12-02-2011,0,2,18,False,6,1,0.28,,0.2576,0.38,0.3284,4,60,64,1.0
965,12-02-2011,0,2,19,False,6,1,0.28,,0.2727,0.38,0.1642,2,39,41,1.0
966,12-02-2011,0,2,20,False,6,1,0.26,,0.2576,0.41,0.2239,1,39,40,1.0
967,12-02-2011,0,2,21,False,6,1,0.26,,0.303,0.41,0.0,9,42,51,1.0
968,12-02-2011,0,2,22,False,6,1,0.24,,0.2576,0.44,0.0896,6,39,45,1.0
969,12-02-2011,0,2,23,False,6,1,0.22,,0.2273,0.51,0.1343,1,31,32,1.0
970,13-02-2011,0,2,0,False,0,1,0.2,,0.2273,0.64,0.1045,5,34,39,1.0
971,13-02-2011,0,2,1,False,0,1,0.2,,0.2273,0.59,0.0896,1,23,24,1.0
972,13-02-2011,0,2,2,False,0,2,0.2,,0.2273,0.75,0.0896,1,19,20,1.0
973,13-02-2011,0,2,3,False,0,2,0.2,,0.2273,0.69,0.1045,4,8,12,1.0
974,13-02-2011,0,2,4,False,0,2,0.2,,0.2121,0.69,0.1642,0,2,2,1.0
975,13-02-2011,0,2,6,False,0,2,0.2,,0.2121,0.69,0.1343,2,3,5,1.0
976,13-02-2011,0,2,7,False,0,2,0.22,,0.2727,0.55,0.0,0,3,3,1.0
977,13-02-2011,0,2,8,False,0,2,0.22,,0.2273,0.64,0.194,1,11,12,1.0
978,13-02-2011,0,2,9,False,0,2,0.24,,0.2273,0.6,0.2239,12,35,47,1.0
979,13-02-2011,0,2,10,False,0,1,0.3,,0.2727,0.45,0.3284,19,86,105,1.0
980,13-02-2011,0,2,11,False,0,1,0.32,,0.2879,0.39,0.4478,26,86,112,1.0
981,13-02-2011,0,2,12,False,0,1,0.36,,0.3182,0.32,0.4627,58,94,152,1.0
982,13-02-2011,0,2,13,False,0,1,0.38,,0.3939,0.29,0.3582,62,92,154,1.0
983,13-02-2011,0,2,14,False,0,2,0.4,,0.4091,0.3,0.4179,51,110,161,1.0
984,13-02-2011,0,2,15,False,0,2,0.4,,0.4091,0.3,0.2985,40,122,162,1.0
985,13-02-2011,0,2,16,False,0,2,0.42,,0.4242,0.28,0.3284,28,106,134,1.0
986,13-02-2011,0,2,17,False,0,1,0.42,,0.4242,0.28,0.3284,30,95,125,1.0
987,13-02-2011,0,2,18,False,0,1,0.4,,0.4091,0.32,0.2985,17,78,95,1.0
988,13-02-2011,0,2,19,False,0,1,0.4,,0.4091,0.35,0.2836,11,50,61,1.0
989,13-02-2011,0,2,20,False,0,1,0.4,,0.4091,0.35,0.3284,15,32,47,1.0
990,13-02-2011,0,2,21,False,0,1,0.4,,0.4091,0.35,0.3582,6,45,51,1.0
991,13-02-2011,0,2,22,False,0,1,0.4,,0.4091,0.35,0.2985,5,31,36,1.0
992,13-02-2011,0,2,23,False,0,1,0.4,,0.4091,0.35,0.3582,3,27,30,1.0
993,14-02-2011,0,2,0,False,1,1,0.38,,0.3939,0.37,0.3582,3,8,11,1.0
994,14-02-2011,0,2,1,False,1,1,0.38,,0.3939,0.37,0.3582,1,6,7,1.0
995,14-02-2011,0,2,2,False,1,1,0.36,,0.3333,0.4,0.2985,0,2,2,1.0
996,14-02-2011,0,2,3,False,1,1,0.34,,0.3182,0.46,0.2239,1,1,2,1.0
997,14-02-2011,0,2,4,False,1,1,0.32,,0.303,0.53,0.2836,0,2,2,1.0
998,14-02-2011,0,2,5,False,1,1,0.32,,0.303,0.53,0.2836,0,3,3,1.0
999,14-02-2011,0,2,6,False,1,1,0.34,,0.303,0.46,0.2985,1,25,26,1.0
1000,14-02-2011,0,2,7,False,1,1,0.34,,0.303,0.46,0.2985,2,96,98,1.0
611,28-01-2011,0,1,16,False,5,1,0.22,,0.2727,0.8,0.0,10,70,80,1.0
612,28-01-2011,0,1,17,False,5,1,0.24,,0.2424,0.75,0.1343,2,147,149,1.0
613,28-01-2011,0,1,18,False,5,1,0.24,,0.2273,0.75,0.194,2,107,109,1.0
614,28-01-2011,0,1,19,False,5,2,0.24,,0.2424,0.75,0.1343,5,84,89,1.0
615,28-01-2011,0,1,20,False,5,2,0.24,,0.2273,0.7,0.194,1,61,62,1.0
616,28-01-2011,0,1,21,False,5,2,0.22,,0.2273,0.75,0.1343,1,57,58,1.0
617,28-01-2011,0,1,22,False,5,1,0.24,,0.2121,0.65,0.3582,0,26,26,1.0
618,28-01-2011,0,1,23,False,5,1,0.24,,0.2273,0.6,0.2239,1,22,23,1.0
619,29-01-2011,0,1,0,False,6,1,0.22,,0.197,0.64,0.3582,2,26,28,1.0
